"[count]","uHashT [query/μs]","cHashT [query/μs]","iHashT_u8h [query/μs]","iHashT_u8 [query/μs]","iHashT_u16 [query/μs]","dHashT [query/μs]","fHashT [query/μs]",
"1.000000","14.285714","16.666667","16.666667","25.000000","14.285714","20.000000","25.000000",
"2.000000","33.333333","33.333333","50.000000","33.333333","50.000000","33.333333","33.333333",
"3.000000","33.333333","33.333333","25.000000","20.000000","33.333333","33.333333","33.333333",
"4.000000","33.333333","33.333333","20.000000","33.333333","50.000000","50.000000","33.333333",
"5.000000","14.285714","33.333333","25.000000","20.000000","33.333333","33.333333","33.333333",
"6.000000","25.000000","33.333333","33.333333","25.000000","50.000000","50.000000","50.000000",
"7.000000","20.000000","33.333333","20.000000","33.333333","20.000000","50.000000","33.333333",
"8.000000","33.333333","50.000000","25.000000","33.333333","33.333333","33.333333","50.000000",
"9.000000","16.666667","33.333333","25.000000","33.333333","16.666667","33.333333","20.000000",
"10.000000","33.333333","50.000000","20.000000","50.000000","25.000000","33.333333","33.333333",
"15.000000","38.461538","71.428571","27.777778","27.777778","38.461538","71.428571","83.333333",
"20.000000","62.500000","125.000000","45.454545","27.777778","33.333333","71.428571","100.000000",
"25.000000","55.555556","125.000000","62.500000","26.315789","33.333333","100.000000","125.000000",
"30.000000","29.411765","71.428571","45.454545","27.777778","26.315789","100.000000","125.000000",
"35.000000","29.411765","62.500000","55.555556","25.000000","20.000000","125.000000","166.666667",
"40.000000","38.461538","71.428571","83.333333","41.666667","38.461538","83.333333","62.500000",
"45.000000","38.461538","71.428571","71.428571","55.555556","71.428571","100.000000","83.333333",
"50.000000","50.000000","83.333333","55.555556","50.000000","45.454545","100.000000","166.666667",
"55.000000","62.500000","83.333333","83.333333","45.454545","71.428571","125.000000","100.000000",
"60.000000","38.461538","83.333333","166.666667","71.428571","55.555556","62.500000","71.428571",
"65.000000","62.500000","166.666667","166.666667","62.500000","100.000000","83.333333","166.666667",
"70.000000","33.333333","71.428571","71.428571","45.454545","83.333333","83.333333","166.666667",
"75.000000","31.250000","71.428571","125.000000","71.428571","100.000000","125.000000","166.666667",
"80.000000","29.239766","166.666667","166.666667","83.333333","71.428571","100.000000","166.666667",
"85.000000","41.666667","83.333333","166.666667","125.000000","62.500000","125.000000","71.428571",
"90.000000","35.714286","125.000000","166.666667","55.555556","45.454545","166.666667","83.333333",
"95.000000","50.000000","83.333333","166.666667","71.428571","71.428571","83.333333","83.333333",
"100.000000","55.555556","100.000000","166.666667","71.428571","83.333333","71.428571","83.333333",
"125.000000","49.019608","104.166667","227.272727","156.250000","96.153846","125.000000","208.333333",
"150.000000","46.296296","192.307692","208.333333","131.578947","89.285714","277.777778","178.571429",
"175.000000","45.454545","250.000000","357.142857","131.578947","166.666667","277.777778","208.333333",
"200.000000","54.347826","108.695652","277.777778","113.636364","147.058824","250.000000","131.578947",
"225.000000","51.020408","147.058824","208.333333","147.058824","96.153846","138.888889","147.058824",
"250.000000","51.020408","125.000000","227.272727","100.000000","69.444444","147.058824","104.166667",
"275.000000","54.347826","156.250000","156.250000","89.285714","100.000000","208.333333","190.839695",
"300.000000","53.191489","178.571429","208.333333","113.636364","104.166667","227.272727","208.333333",
"325.000000","55.555556","192.307692","250.000000","104.166667","147.058824","357.142857","178.571429",
"350.000000","53.191489","138.888889","227.272727","131.578947","108.695652","208.333333","227.272727",
"375.000000","43.103448","104.166667","192.307692","208.333333","190.839695","227.272727","156.250000",
"400.000000","53.191489","96.153846","250.000000","119.047619","147.058824","192.307692","89.285714",
"425.000000","45.454545","131.578947","166.666667","178.571429","125.000000","156.250000","131.578947",
"450.000000","51.020408","156.250000","138.888889","125.000000","96.153846","138.888889","166.666667",
"475.000000","43.859649","104.166667","156.250000","138.888889","166.666667","277.777778","178.571429",
"500.000000","60.975610","131.578947","192.307692","208.333333","125.000000","166.666667","166.666667",
"525.000000","80.645161","147.058824","166.666667","156.250000","108.695652","227.272727","277.777778",
"550.000000","44.642857","250.000000","166.666667","138.888889","131.578947","166.666667","192.307692",
"575.000000","56.818182","130.890052","227.272727","312.500000","166.666667","192.307692","192.307692",
"600.000000","54.347826","147.058824","227.272727","119.047619","108.695652","277.777778","156.250000",
"625.000000","43.859649","131.578947","227.272727","156.250000","155.279503","138.888889","208.333333",
"650.000000","46.296296","166.666667","277.777778","156.250000","166.666667","177.304965","192.307692",
"675.000000","58.139535","166.666667","227.272727","178.571429","147.058824","192.307692","156.250000",
"700.000000","43.782837","119.047619","166.666667","227.272727","147.058824","178.571429","147.058824",
"725.000000","45.454545","113.636364","178.571429","227.272727","138.888889","250.000000","166.666667",
"750.000000","43.859649","138.888889","312.500000","166.666667","192.307692","227.272727","131.578947",
"775.000000","50.000000","108.695652","227.272727","147.058824","119.047619","227.272727","138.888889",
"800.000000","44.642857","131.578947","250.000000","147.058824","108.695652","156.250000","138.888889",
"825.000000","60.975610","147.058824","208.333333","166.666667","108.695652","156.250000","192.307692",
"850.000000","69.444444","125.000000","312.500000","131.578947","119.047619","125.000000","131.578947",
"875.000000","48.076923","125.000000","192.307692","131.578947","104.166667","108.695652","138.888889",
"900.000000","59.523810","125.000000","138.888889","147.058824","156.250000","138.888889","113.636364",
"925.000000","58.139535","113.636364","178.571429","166.666667","113.636364","113.636364","119.047619",
"950.000000","59.523810","138.888889","147.058824","113.636364","104.166667","147.058824","125.000000",
"975.000000","65.789474","104.166667","208.333333","138.888889","125.000000","192.307692","104.166667",
"1000.000000","58.139535","131.578947","192.307692","178.571429","178.571429","131.578947","125.000000",
"1100.000000","52.603893","163.934426","333.333333","125.000000","125.000000","161.030596","256.410256",
"1200.000000","46.274873","212.765957","256.410256","208.333333","243.902439","238.095238","303.030303",
"1300.000000","43.649062","144.927536","303.030303","227.272727","196.078431","200.000000","250.000000",
"1400.000000","44.822949","169.491525","303.030303","153.846154","163.934426","217.391304","166.666667",
"1500.000000","44.424700","135.135135","357.142857","166.389351","147.058824","294.117647","208.333333",
"1600.000000","46.707146","153.846154","263.157895","144.927536","158.730159","169.491525","232.558140",
"1700.000000","40.144520","109.890110","277.777778","156.250000","156.250000","169.491525","158.478605",
"1800.000000","60.240964","172.413793","285.714286","149.253731","192.307692","181.818182","136.986301",
"1900.000000","59.844405","121.951220","263.157895","111.111111","131.578947","196.078431","181.818182",
"2000.000000","57.471264","117.647059","175.438596","151.515152","151.515152","172.413793","166.666667",
"2100.000000","59.523810","196.078431","188.679245","226.757370","135.135135","312.500000","270.270270",
"2200.000000","55.555556","204.081633","312.500000","147.058824","208.333333","285.714286","222.222222",
"2300.000000","51.282051","178.571429","263.157895","188.679245","212.765957","277.777778","232.558140",
"2400.000000","50.251256","172.413793","303.030303","163.934426","188.679245","208.333333","222.222222",
"2500.000000","52.083333","144.927536","263.157895","161.290323","163.934426","169.491525","227.272727",
"2600.000000","45.248869","149.253731","311.526480","149.253731","188.679245","256.410256","285.714286",
"2700.000000","53.191489","153.846154","250.000000","153.846154","172.413793","222.222222","192.307692",
"2800.000000","44.444444","200.000000","243.902439","140.845070","200.000000","277.777778","256.410256",
"2900.000000","48.543689","151.515152","256.410256","178.571429","151.515152","227.272727","161.290323",
"3000.000000","42.735043","161.290323","303.030303","149.253731","172.413793","294.117647","185.185185",
"3100.000000","46.082949","136.986301","285.714286","142.857143","153.609831","270.270270","136.986301",
"3200.000000","45.662100","156.250000","222.222222","166.666667","140.845070","158.730159","208.333333",
"3300.000000","46.948357","136.986301","217.391304","166.666667","142.857143","166.666667","188.679245",
"3400.000000","45.871560","135.135135","277.777778","147.058824","144.927536","181.818182","196.078431",
"3500.000000","43.859649","131.578947","222.222222","117.647059","131.578947","243.902439","163.934426",
"3600.000000","42.372881","138.888889","222.222222","123.456790","156.250000","181.818182","151.515152",
"3700.000000","45.871560","120.481928","196.078431","166.666667","126.582278","175.438596","136.986301",
"3800.000000","52.356021","142.857143","227.272727","232.558140","121.951220","169.491525","142.857143",
"3900.000000","58.139535","151.515152","256.410256","200.000000","120.481928","158.730159","111.111111",
"4000.000000","56.818182","131.578947","204.081633","243.902439","188.679245","135.135135","144.927536",
"4100.000000","51.519835","166.666667","250.000000","196.078431","166.666667","232.558140","222.222222",
"4200.000000","54.318305","144.927536","208.333333","227.272727","108.695652","243.902439","269.541779",
"4300.000000","55.524708","192.307692","303.030303","192.307692","136.986301","196.078431","217.391304",
"4400.000000","59.171598","166.666667","263.157895","227.272727","196.078431","303.030303","166.666667",
"4500.000000","46.728972","188.679245","256.410256","161.290323","158.730159","277.777778","227.272727",
"4600.000000","46.296296","217.391304","250.000000","192.307692","200.000000","178.571429","158.730159",
"4700.000000","53.734551","163.934426","303.030303","144.717800","238.095238","285.714286","192.307692",
"4800.000000","49.726504","151.515152","312.500000","185.185185","181.818182","263.157895","169.491525",
"4900.000000","46.926326","133.333333","243.902439","192.307692","181.818182","263.157895","188.679245",
"5000.000000","49.726504","172.413793","303.030303","192.307692","196.078431","217.391304","222.222222",
"5100.000000","50.251256","156.250000","294.117647","169.491525","222.222222","250.000000","204.081633",
"5200.000000","46.728972","136.986301","227.272727","172.413793","175.438596","217.391304","149.253731",
"5300.000000","51.813472","169.491525","222.222222","151.515152","169.204738","166.666667","191.938580",
"5400.000000","45.662100","158.730159","285.714286","178.571429","192.307692","200.000000","208.333333",
"5500.000000","48.309179","188.679245","216.919740","158.730159","161.290323","192.307692","188.323917",
"5600.000000","47.169811","151.515152","270.270270","181.818182","200.000000","181.818182","188.679245",
"5700.000000","50.251256","149.253731","232.018561","142.653352","181.818182","250.000000","188.323917",
"5800.000000","46.296296","136.986301","192.307692","158.730159","169.491525","232.558140","204.081633",
"5900.000000","46.296296","181.818182","243.309002","185.185185","151.515152","222.222222","169.204738",
"6000.000000","46.948357","169.491525","243.902439","185.185185","149.253731","217.391304","196.078431",
"6100.000000","43.840421","156.250000","232.558140","147.058824","140.646976","238.095238","161.290323",
"6200.000000","40.469446","166.666667","322.580645","175.438596","142.857143","196.078431","140.845070",
"6300.000000","41.322314","120.481928","263.157895","135.135135","135.135135","185.185185","196.078431",
"6400.000000","43.478261","161.290323","333.333333","128.205128","153.846154","142.857143","178.571429",
"6500.000000","41.322314","163.934426","188.679245","144.927536","140.845070","185.185185","178.571429",
"6600.000000","40.322581","125.000000","200.000000","123.304562","123.456790","166.666667","153.846154",
"6700.000000","38.153377","149.253731","238.095238","163.934426","175.131349","142.857143","138.888889",
"6800.000000","47.824008","147.058824","212.765957","192.307692","140.845070","208.333333","140.845070",
"6900.000000","38.759690","126.582278","227.272727","243.902439","136.986301","147.058824","128.205128",
"7000.000000","43.859649","112.359551","232.558140","204.081633","147.058824","172.413793","138.888889",
"7100.000000","43.478261","144.927536","250.000000","185.185185","140.845070","166.666667","142.857143",
"7200.000000","40.000000","100.000000","270.270270","208.333333","175.438596","136.986301","161.290323",
"7300.000000","45.871560","129.870130","196.078431","222.222222","151.515152","131.578947","142.857143",
"7400.000000","41.476566","104.166667","200.000000","243.902439","151.515152","151.515152","129.701686",
"7500.000000","41.493776","129.870130","181.818182","181.818182","121.951220","192.307692","138.888889",
"7600.000000","55.555556","108.577633","212.765957","227.272727","119.047619","149.253731","126.582278",
"7700.000000","61.728395","111.111111","217.391304","222.222222","125.000000","222.222222","131.578947",
"7800.000000","53.475936","103.092784","204.081633","238.095238","126.582278","166.666667","144.927536",
"7900.000000","52.631579","102.986612","192.307692","217.391304","131.578947","158.730159","144.717800",
"8000.000000","47.169811","121.951220","232.558140","185.185185","117.508813","131.578947","142.857143",
"8100.000000","55.248619","101.010101","263.157895","200.000000","109.890110","144.927536","126.582278",
"8200.000000","48.076923","188.679245","166.666667","172.413793","112.359551","256.410256","166.666667",
"8300.000000","55.248619","172.413793","185.185185","217.391304","109.890110","277.777778","212.765957",
"8400.000000","53.475936","185.185185","232.558140","204.081633","123.456790","256.410256","188.679245",
"8500.000000","57.142857","144.927536","250.000000","188.679245","131.578947","270.270270","243.902439",
"8600.000000","52.631579","161.290323","243.902439","192.307692","204.081633","263.157895","217.391304",
"8700.000000","59.523810","169.491525","217.391304","212.765957","151.515152","243.902439","232.558140",
"8800.000000","43.668122","142.857143","237.529691","192.307692","158.730159","227.272727","204.081633",
"8900.000000","49.504950","212.765957","256.410256","181.488203","188.679245","250.000000","243.902439",
"9000.000000","46.511628","144.717800","294.117647","153.846154","185.185185","212.765957","203.665988",
"9100.000000","53.447354","166.666667","303.030303","172.413793","196.078431","208.333333","204.081633",
"9200.000000","59.844405","135.135135","208.333333","188.679245","161.290323","200.000000","222.222222",
"9300.000000","55.834729","185.185185","294.117647","232.558140","250.000000","270.270270","238.095238",
"9400.000000","47.370914","163.934426","303.030303","243.902439","196.078431","227.272727","196.078431",
"9500.000000","47.370914","149.253731","238.095238","185.185185","196.078431","238.095238","188.679245",
"9600.000000","51.282051","192.307692","227.272727","196.078431","181.818182","212.765957","217.391304",
"9700.000000","48.309179","208.333333","285.714286","149.253731","181.818182","178.571429","185.185185",
"9800.000000","52.083333","147.058824","263.157895","163.934426","191.938580","227.272727","212.765957",
"9900.000000","54.054054","156.250000","212.765957","208.333333","138.888889","222.222222","169.491525",
"10000.000000","50.251256","138.696255","196.078431","147.058824","196.078431","238.095238","212.765957",
"11000.000000","43.894303","156.006240","248.756219","172.384072","182.481752","243.842965","199.560966",
"12000.000000","44.897409","145.985401","254.388196","168.634064","158.704967","211.371803","181.785130",
"13000.000000","40.075342","136.593362","245.098039","153.609831","155.038760","202.839757","165.837479",
"14000.000000","39.837463","127.877238","241.487563","221.238938","150.602410","192.307692","153.115909",
"15000.000000","39.740889","114.012085","227.790433","218.292949","137.532664","172.384072","142.836738",
"16000.000000","50.145422","114.678899","224.719101","190.803282","125.156446","146.177459","126.406270",
"17000.000000","47.411341","193.050193","278.551532","214.086919","190.476190","250.000000","240.963855",
"18000.000000","48.398025","169.750467","259.067358","200.000000","209.643606","243.309002","230.361668",
"19000.000000","46.227811","171.821306","279.251606","196.850394","201.166767","232.558140","212.314225",
"20000.000000","43.894303","159.744409","262.467192","189.717321","179.211470","246.852629","214.132762",
"21000.000000","42.988565","168.890390","251.889169","159.235669","186.915888","224.668614","198.807157",
"22000.000000","42.749658","154.535620","260.416667","163.132137","166.389351","236.406619","199.560966",
"23000.000000","40.863027","138.677021","243.309002","167.476135","153.822489","198.019802","193.050193",
"24000.000000","40.896450","157.232704","243.309002","154.774803","161.786119","200.000000","168.605631",
"25000.000000","39.567918","135.299689","229.832222","154.320988","179.500987","206.568891","175.100683",
"26000.000000","40.285219","135.116876","216.403376","159.464200","153.846154","182.815356","168.321831",
"27000.000000","39.475762","129.182276","219.298246","144.092219","144.071459","171.232877","153.350713",
"28000.000000","36.787698","131.233596","235.294118","210.970464","136.967539","173.611111","147.037200",
"29000.000000","37.408350","123.900384","202.429150","211.416490","133.493526","169.462803","140.429715",
"30000.000000","36.828343","124.828361","201.572264","220.750552","132.432790","160.745861","126.887451",
"31000.000000","49.897710","117.771758","199.560966","205.761317","138.484974","150.829563","123.594117",
"32000.000000","49.600714","111.844313","203.252033","197.589409","132.257638","161.290323","127.534753",
"33000.000000","49.065306","158.202816","276.243094","200.360649","210.084034","240.963855","219.780220",
"34000.000000","46.185110","151.515152","271.665308","200.803213","186.219739","251.889169","223.164472",
"35000.000000","46.315594","142.836738","252.525253","182.781941","176.678445","279.251606","223.713647",
"36000.000000","45.637094","162.839928","270.929287","199.600798","211.819530","265.251989","204.876050",
"37000.000000","45.061283","155.255395","279.329609","184.467810","187.969925","230.893558","234.741784",
"38000.000000","44.517651","145.772595","258.397933","191.534189","179.211470","242.130751","227.221086",
"39000.000000","43.607186","138.121547","235.793445","161.264312","186.532363","236.910685","205.761317",
"40000.000000","45.306270","140.825236","245.098039","188.288458","183.116645","229.885057","208.289940",
"41000.000000","42.297606","133.850890","242.130751","165.809982","177.588350","227.738556","204.498978",
"42000.000000","42.513392","131.216376","236.966825","157.952930","168.038985","229.357798","185.528757",
"43000.000000","42.640287","121.050720","93.887898","173.580976","176.647235","234.192037","191.168037",
"44000.000000","41.353073","124.378109","239.808153","160.771704","164.473684","201.612903","180.147721",
"45000.000000","39.964831","122.085215","237.529691","170.648464","163.907556","201.572264","191.204589",
"46000.000000","41.942790","123.441550","243.309002","159.718895","163.371998","226.705962","178.253119",
"47000.000000","40.663630","127.372309","247.524752","155.038760","149.700599","213.675214","181.159420",
"48000.000000","40.946687","108.213397","228.832952","152.415790","151.722045","198.807157","172.413793",
"49000.000000","41.030691","109.517030","221.729490","149.454491","149.454491","209.643606","166.389351",
"50000.000000","39.837463","111.844313","234.741784","152.881822","149.031297","201.572264","161.290323",
"51000.000000","38.119925","107.747010","229.305205","149.231458","151.285930","188.288458","158.957241",
"52000.000000","38.005473","107.515321","229.305205","139.645301","148.148148","194.137061","162.311313",
"53000.000000","39.135880","108.330625","221.729490","143.451442","140.646976","178.858880","157.977883",
"54000.000000","39.012211","106.145844","214.132762","138.484974","128.188694","177.304965","151.263046",
"55000.000000","38.937777","91.399324","228.780599","208.768267","141.823855","165.562914","152.415790",
"56000.000000","38.503003","108.683839","211.864407","210.039908","132.784491","170.039109","141.422712",
"57000.000000","35.968635","103.188525","221.680337","215.517241","148.787383","185.185185","142.633005",
"58000.000000","36.612602","125.000000","214.132762","223.663610","134.571390","169.750467","138.869601",
"59000.000000","37.760072","126.087505","202.388181","206.185567","133.315558","161.550889","136.425648",
"60000.000000","36.333249","123.747061","206.611570","201.612903","129.032258","155.496812","136.612022",
"61000.000000","35.750036","118.049817","191.938580","207.425845","123.915737","144.717800","143.864192",
"62000.000000","35.133331","105.920983","212.269157","201.207243","127.534753","159.464200","124.208173",
"63000.000000","49.111089","106.712197","213.675214","198.412698","127.048660","139.450565","122.384041",
"64000.000000","47.776026","117.910624","191.204589","200.400802","112.346927","147.470875","126.246686",
"65000.000000","48.990790","113.109377","194.514686","202.798621","113.365832","144.300144","121.951220",
"66000.000000","48.164917","108.108108","96.983804","195.274360","177.935943","213.219616","93.624192",
"67000.000000","47.299215","107.284626","96.711799","201.979398","196.078431","239.234450","87.865741",
"68000.000000","48.966801","104.155817","97.646714","195.274360","186.915888","250.000000","97.077954",
"69000.000000","47.819434","104.591570","105.697072","199.960008","198.807157","243.842965","102.553584",
"70000.000000","47.010154","99.393698","98.415510","198.019802","203.252033","230.414747","95.047999",
"71000.000000","46.313449","97.077954","101.419878","202.839757","175.746924","234.741784","99.990001",
"72000.000000","47.934043","93.799831","99.990001","170.328734","191.901746","215.517241","106.371663",
"73000.000000","46.834020","101.512537","110.363095","189.358076","181.455271","209.643606","102.764361",
"74000.000000","46.399406","101.409593","101.719052","185.873606","178.253119","214.086919","101.204332",
"75000.000000","47.501425","92.669817","120.177863","181.126607","168.890390","224.719101","105.585471",
"76000.000000","44.126732","92.498381","116.130531","177.273533","180.799132","215.982721","112.346927",
"77000.000000","44.980209","98.029605","114.142221","179.211470","169.750467","223.663610","102.976007",
"78000.000000","43.645251","93.624192","108.565845","178.539547","180.472839","232.558140","107.631041",
"79000.000000","45.081598","88.723272","117.495006","191.570881","170.940171","234.741784","111.969544",
"80000.000000","44.599055","92.928167","117.910624","173.010381","170.910955","227.221086","115.995824",
"81000.000000","44.302676","92.157405","119.460041","176.335743","177.304965","209.643606","110.241429",
"82000.000000","46.507302","93.361964","116.400885","158.227848","174.825175","217.817469","115.593573",
"83000.000000","46.036277","108.213397","114.272655","174.216028","177.273533","207.039337","113.752702",
"84000.000000","44.579173","95.410743","122.534003","180.180180","175.407823","217.344056","116.130531",
"85000.000000","43.007053","100.391527","125.454774","171.791788","168.890390","196.850394","113.237459",
"86000.000000","44.480028","97.077954","139.256371","151.722045","166.112957","203.210730","116.672500",
"87000.000000","45.061283","96.796051","127.534753","171.203561","149.925037","192.678227","118.329192",
"88000.000000","44.539462","91.818933","133.850890","170.039109","168.918919","195.694716","130.208333",
"89000.000000","43.607186","92.669817","131.734949","163.639339","157.728707","195.274360","137.155397",
"90000.000000","43.118317","89.919971","126.087505","159.974404","150.150150","193.760899","125.140783",
"91000.000000","43.007053","99.690958","143.864192","151.975684","160.771704","189.035917","127.697612",
"92000.000000","42.549570","101.719052","141.823855","156.494523","150.127608","198.807157","114.025086",
"93000.000000","42.154962","108.920597","143.678161","167.196121","154.535620","204.457166","125.770343",
"94000.000000","43.855802","99.000099","134.228188","157.207986","147.275405","201.166767","130.191381",
"95000.000000","40.236591","97.361503","145.985401","154.559505","146.391451","209.643606","117.633220",
"96000.000000","41.855014","96.515780","136.780194","152.648451","144.487791","183.823529","124.533001",
"97000.000000","40.581122","101.522843","167.757088","147.710487","153.846154","176.678445","130.039012",
"98000.000000","40.829659","100.492413","147.470875","144.487791","152.881822","178.571429","140.429715",
"99000.000000","37.804325","104.920785","140.825236","151.492198","160.513644","178.571429","123.137545",
"100000.000000","39.804164","106.371663","141.823855","151.745068","166.361670","169.204738","123.304562",
"110000.000000","38.628980","103.467185","159.321926","83.464790","139.320395","146.808386","121.009705",
"120000.000000","36.571763","97.096806","148.663515","107.528038","124.708494","159.195110","105.910887",
"130000.000000","45.865038","81.959823","132.684066","122.643708","118.501665","146.916228","95.556617",
"140000.000000","40.279864","53.926380","70.945634","122.582069","83.506610","76.809635","64.522373",
"150000.000000","35.905998","59.507516","77.482140","111.995879","108.509299","83.941208","74.237396",
"160000.000000","33.639792","57.975720","75.807540","91.058095","108.625990","85.961610","76.398863",
"170000.000000","30.721966","55.136822","74.922081","93.993796","101.122459","85.149139","74.188379",
"180000.000000","30.029940","50.087904","72.509481","99.523283","97.210071","83.799819","71.350595",
"190000.000000","27.661523","50.981912","71.868509","91.008373","92.165899","79.231769","68.746004",
"200000.000000","26.699846","49.850697","71.238771","90.440445","91.340050","76.839145","66.069836",
"210000.000000","25.304476","46.851574","65.106710","87.526586","84.694802","73.087661","62.152335",
"220000.000000","24.301455","45.783353","66.896792","53.972949","82.351294","70.317060","61.359104",
"230000.000000","23.831199","42.343815","65.426186","64.798735","77.759288","69.409258","55.964093",
"240000.000000","22.322824","39.922710","63.932896","58.773054","73.620355","67.809023","56.584449",
"250000.000000","21.823483","39.767124","63.871644","63.285532","79.037638","65.068582","54.633763",
"260000.000000","25.641289","39.346378","61.802787","60.928799","76.427474","63.899805","53.302915",
"270000.000000","26.763372","42.769404","61.726490","61.528996","56.460173","63.846768","53.313998",
"280000.000000","26.004015","44.535495","64.811334","59.706483","59.846195","66.749436","64.435481",
"290000.000000","26.026417","45.616276","65.234125","58.164559","58.337611","66.825265","65.136396",
"300000.000000","24.923547","44.563081","65.310814","58.690268","58.487741","67.193463","63.936984",
"310000.000000","24.809156","44.322115","64.141625","53.709443","56.994346","66.030572","62.871334",
"320000.000000","24.098244","43.025187","63.069597","55.661932","55.869979","64.840751","62.978241",
"330000.000000","23.890353","43.067991","62.788829","54.227582","54.060775","64.756354","60.996066",
"340000.000000","23.770529","41.680213","62.338310","52.707311","53.735129","64.109139","61.242613",
"350000.000000","22.962640","39.106189","61.141512","52.362052","53.399406","62.225817","60.873535",
"360000.000000","22.515879","40.701200","60.740057","46.774873","46.397253","62.044362","58.245867",
"370000.000000","22.473880","39.729206","59.756790","50.733351","49.334235","60.776973","58.525394",
"380000.000000","21.791620","38.572211","59.688664","49.603421","49.108919","60.051043","56.770765",
"390000.000000","20.606872","38.777125","59.065001","48.003303","49.237072","59.047214","53.365210",
"400000.000000","20.848796","37.863728","58.161176","46.711510","47.812575","58.869933","56.117982",
"410000.000000","20.753993","36.722178","57.357209","46.347794","46.405866","52.026971","54.286753",
"420000.000000","20.652410","37.129862","56.584770","45.869456","45.770780","55.012460","52.329171",
"430000.000000","20.407539","36.589159","55.602818","45.118210","44.784809","56.373917","51.835495",
"440000.000000","19.984173","34.964301","56.600783","50.355256","43.861188","55.873413","51.109589",
"450000.000000","20.019379","35.876241","55.353515","55.121626","43.648871","54.702500","50.679357",
"460000.000000","19.688644","34.486683","54.084166","53.799018","42.629017","53.591430","49.932840",
"470000.000000","19.300995","35.030441","53.669087","52.905014","41.817908","52.765437","49.200734",
"480000.000000","19.031379","34.229343","53.903416","53.073767","40.659828","51.235283","48.069990",
"490000.000000","18.888310","34.100946","52.016416","52.359311","40.086105","51.714865","47.346243",
"500000.000000","18.717513","32.364659","52.485724","52.345607","39.849687","49.823624","45.543562",
"510000.000000","17.708769","32.626534","51.578828","51.725565","39.164389","48.659669","45.392646",
"520000.000000","17.859343","31.182762","50.816107","50.666775","39.118427","48.164917","43.325491",
"530000.000000","21.955246","33.571918","54.903726","50.037779","48.218565","59.465406","53.772981",
"540000.000000","23.287821","40.687952","58.748884","49.157200","49.512794","62.005506","58.590546",
"550000.000000","23.005959","38.826809","57.219368","49.426895","48.778346","61.680802","59.692227",
"560000.000000","23.110700","39.011754","57.721390","47.585285","48.116249","60.977469","57.578479",
"570000.000000","22.382831","38.177556","56.965126","48.480382","48.012291","61.280142","58.542868",
"580000.000000","22.638724","38.225715","55.945308","46.431722","47.499169","60.210133","56.987850",
"590000.000000","22.637751","37.176794","56.202825","46.185110","46.464083","60.330005","57.049296",
"600000.000000","22.091099","36.287630","54.852529","45.892611","45.537341","58.901140","56.581568",
"610000.000000","22.139960","34.797496","54.520573","44.939781","44.828776","59.218552","56.616806",
"620000.000000","21.736626","36.299617","54.090017","45.095625","45.177117","58.721285","55.264801",
"630000.000000","21.636498","35.338561","53.076584","44.251508","44.519435","57.605014","54.517601",
"640000.000000","21.341802","35.346180","53.819286","43.959715","43.338447","57.844929","53.879891",
"650000.000000","21.094243","34.707038","52.124599","43.652682","42.725548","57.432646","53.039706",
"660000.000000","20.788551","33.971084","53.226313","43.203823","42.265070","56.997595","52.679268",
"670000.000000","20.774300","32.967504","52.062183","41.172087","41.965320","57.854969","52.508047",
"680000.000000","20.558577","33.152322","51.586810","41.961798","41.762023","55.711238","50.971517",
"690000.000000","20.539153","30.505383","49.149952","41.075690","40.762753","55.021541","52.790506",
"700000.000000","20.270161","32.647838","50.761937","39.819538","41.289385","56.017388","44.847071",
"710000.000000","20.086533","32.399368","49.741592","39.875111","39.550078","53.531185","49.917885",
"720000.000000","19.585301","31.885722","50.017756","39.372559","38.829824","53.836670","49.251622",
"730000.000000","19.512652","31.707882","49.551804","38.802704","39.639440","53.407962","47.767126",
"740000.000000","19.297271","30.853723","48.186037","38.426954","38.539507","52.835133","47.537781",
"750000.000000","19.349546","29.752076","47.156465","38.403195","37.812187","49.290464","46.790412",
"760000.000000","19.207203","30.529690","47.625851","36.985668","37.052819","52.067876","47.578266",
"770000.000000","19.345466","30.324073","46.580958","36.857527","36.846663","51.290468","45.376168",
"780000.000000","18.887204","29.171358","46.477040","36.689708","37.028123","50.231568","44.895192",
"790000.000000","18.866892","29.428903","46.322031","36.418595","36.875060","49.982756","44.286783",
"800000.000000","18.563552","28.922465","45.006323","35.913606","35.803026","47.819434","44.469941",
"810000.000000","18.723121","28.974421","45.258904","35.763333","35.524357","48.463936","43.040187",
"820000.000000","17.819531","28.189422","44.271098","35.427575","35.003465","46.672267","42.734860",
"830000.000000","18.144506","27.248402","43.755825","42.782213","34.984974","46.367135","42.224024",
"840000.000000","18.044320","27.580653","44.220199","43.123523","34.564163","46.131845","42.012923",
"850000.000000","17.730119","26.729034","43.616506","43.164660","33.752198","44.501604","40.521430",
"860000.000000","17.927540","27.113938","41.821406","42.809685","34.396530","45.850317","40.090765",
"870000.000000","17.821754","27.410477","42.707301","41.474329","33.469666","43.709732","40.894276",
"880000.000000","17.666846","26.193439","41.970604","41.725430","33.414866","44.126537","39.253554",
"890000.000000","17.687157","25.810715","41.751387","40.849173","33.379174","43.308604","39.207384",
"900000.000000","17.189101","25.863451","41.482932","41.043658","31.556692","42.216894","38.733417",
"910000.000000","17.226113","25.934552","41.229803","40.063621","32.180416","41.680213","38.062758",
"920000.000000","16.969458","25.278953","41.228273","40.029942","31.895994","41.627987","37.378287",
"930000.000000","17.183518","24.925411","39.252014","40.434591","31.961135","40.429687","38.397444",
"940000.000000","16.630772","24.949042","40.045973","39.425336","29.715828","41.299787","36.514208",
"950000.000000","16.919186","24.468543","40.364410","39.508046","31.617554","38.646746","36.495684",
"960000.000000","16.762071","24.419547","39.364809","36.646682","31.259769","39.794184","36.769437",
"970000.000000","16.527942","24.452389","39.086471","39.427046","31.108069","39.239692","36.298299",
"980000.000000","16.515931","23.152436","38.502410","38.757587","30.924328","38.509824","36.284997",
"990000.000000","16.392206","24.301986","38.915957","38.127919","29.974132","37.931375","35.741475",
"1000000.000000","16.376100","23.810714","37.853695","38.462426","30.341647","37.531198","32.784843",
"1100000.000000","23.155502","39.269956","57.625230","50.614101","50.792541","58.113147","55.640345",
"1200000.000000","22.241523","38.052127","57.004970","49.984605","49.751046","55.614971","55.292364",
"1300000.000000","22.006321","36.404886","56.362320","48.336219","48.404046","55.734618","55.405407",
"1400000.000000","21.015516","35.666391","55.347449","46.727902","46.754337","54.406342","53.405823",
"1500000.000000","20.550131","34.518241","54.521733","45.753943","45.409652","53.384725","52.385148",
"1600000.000000","19.973427","33.938997","53.511047","44.439507","44.271686","50.492682","50.226395",
"1700000.000000","19.666155","33.056103","52.893653","53.133692","42.809740","50.652813","49.519929",
"1800000.000000","19.101456","31.136081","51.993212","52.424722","40.843867","49.575411","48.160880",
"1900000.000000","18.613568","31.601028","50.729413","51.041945","39.642347","46.556019","46.232042",
"2000000.000000","18.061496","30.831083","50.421676","50.641040","38.623445","45.033543","44.627536",
"2100000.000000","17.434059","39.960647","54.590815","50.146025","49.664072","54.335660","53.100089",
"2200000.000000","22.215582","38.852333","54.479584","49.150942","49.358610","53.870806","54.470325",
"2300000.000000","22.173903","38.505361","53.812827","48.240826","48.492560","54.802959","53.163918",
"2400000.000000","21.853997","37.528705","53.334329","47.412555","47.500387","53.113627","52.938175",
"2500000.000000","21.705416","36.758597","52.711312","46.446171","47.156287","52.234378","52.430219",
"2600000.000000","21.067459","36.030362","51.904668","46.633548","45.909614","52.266866","50.265502",
"2700000.000000","20.928295","35.421288","52.128158","45.332662","45.504083","52.035661","50.453705",
"2800000.000000","20.454792","34.924664","51.863481","44.660442","44.991197","51.169426","50.139991",
"2900000.000000","20.284408","34.445462","51.244682","43.833464","44.282469","50.037879","49.319417",
"3000000.000000","20.215636","33.836894","51.244708","43.858841","43.559812","50.461852","48.944009",
"3100000.000000","19.989957","32.989245","50.849104","42.699879","42.923853","49.320146","48.332224",
"3200000.000000","19.596005","32.685998","50.663874","42.348656","41.213048","48.890910","47.426698",
"3300000.000000","19.413759","32.410330","50.021634","41.829768","41.668681","47.663170","47.086788",
"3400000.000000","19.032886","31.581776","49.858502","49.785747","40.930632","46.750403","46.938683",
"3500000.000000","18.846447","31.165590","49.701147","49.078309","40.464369","46.506436","46.358945",
"3600000.000000","18.714214","30.561198","48.925355","48.962725","39.506391","46.089066","45.529566",
"3700000.000000","18.272867","30.201197","49.048003","48.822857","38.978468","45.043483","44.247396",
"3800000.000000","18.183382","29.721727","48.644260","48.043570","38.370733","44.541069","44.503189",
"3900000.000000","17.897524","29.291523","47.939926","48.106226","37.639308","44.032069","43.266893",
"4000000.000000","17.622937","28.806473","47.370757","47.892858","36.775211","44.429437","43.173680",
"4100000.000000","17.411990","28.589285","47.661375","47.261972","35.997652","42.521002","42.143911",
"4200000.000000","17.302885","35.588189","48.379926","47.155198","46.950164","50.988072","47.634109",
"4300000.000000","17.137467","35.277438","47.870390","46.806202","46.237408","50.103815","48.710369",
"4400000.000000","21.594975","34.907474","47.692289","46.004889","46.495192","50.232930","48.397721",
"4500000.000000","21.207581","34.471953","48.156497","45.820212","46.262007","50.949365","47.688628",
"4600000.000000","21.242815","34.090925","47.264854","45.800485","45.858244","49.436962","46.724823",
"4700000.000000","21.278936","33.809095","47.738986","45.435235","45.697072","49.102890","47.770891",
"4800000.000000","21.202725","33.724709","46.984356","44.855782","45.496630","50.173475","47.520251",
"4900000.000000","21.037715","33.316908","47.239177","44.609241","45.032529","49.541052","46.353573",
"5000000.000000","20.836012","32.940008","46.742318","44.531350","44.678800","49.891063","47.140949",
"5100000.000000","20.639379","32.638631","46.801383","44.275783","44.286783","49.534917","46.013992",
"5200000.000000","20.335896","32.682259","46.763958","43.599905","43.722097","48.333392","46.840185",
"5300000.000000","20.367623","32.330997","46.461277","43.708911","43.589623","49.337666","45.712321",
"5400000.000000","20.309212","32.006350","46.405004","43.214371","43.154490","47.702299","46.498219",
"5500000.000000","19.891694","31.925616","46.371005","43.055846","43.022670","47.294808","45.301652",
"5600000.000000","19.762584","31.408752","46.230354","42.641778","42.502388","48.508062","45.866216",
"5700000.000000","20.045869","31.337981","45.549703","42.437995","42.293491","46.982369","44.929746",
"5800000.000000","19.780570","31.264694","45.804261","42.064509","42.340229","47.825952","45.016514",
"5900000.000000","19.447671","31.112928","45.993040","41.715630","41.800550","47.565910","45.405734",
"6000000.000000","19.544221","30.732333","45.769460","41.455176","41.541454","46.255587","44.062142",
"6100000.000000","19.202331","30.516144","45.629306","41.133542","41.217975","46.731396","44.284626",
"6200000.000000","19.300928","30.351455","45.551985","40.775584","41.219674","46.683815","44.414440",
"6300000.000000","19.197760","30.302424","45.400993","40.485502","40.450293","46.765467","44.156914",
"6400000.000000","18.813787","30.107623","45.261444","40.410245","40.466662","45.223392","43.187291",
"6500000.000000","18.715786","29.587698","45.008835","40.022861","39.751095","44.761996","42.837780",
"6600000.000000","18.832498","29.637770","45.038005","39.812182","39.197287","44.710742","42.677264",
"6700000.000000","18.627021","29.564946","44.846327","44.878127","39.324932","44.513708","42.434213",
"6800000.000000","18.423467","29.303282","44.641901","44.496476","39.181299","44.285214","41.950673",
"6900000.000000","18.539743","29.173503","44.201826","44.075542","38.526277","44.176421","41.986781",
"7000000.000000","18.150573","28.837791","44.162589","44.095191","38.538883","43.881917","41.650284",
"7100000.000000","18.148563","28.948663","44.088387","43.982511","38.198790","42.984925","41.904966",
"7200000.000000","17.997481","28.696191","44.118536","44.223523","37.688106","43.180578","41.671806",
"7300000.000000","17.968215","28.510376","43.609792","43.643099","37.544471","43.169226","41.304632",
"7400000.000000","17.868643","28.296324","43.734737","43.819251","37.018774","43.703371","40.852877",
"7500000.000000","17.662377","28.371080","43.619113","43.668446","36.588690","43.400235","40.556270",
"7600000.000000","17.416357","28.153708","43.430035","43.623870","36.497882","41.559581","40.594317",
"7700000.000000","17.550218","27.751999","43.141830","43.659295","36.181047","41.946098","39.980601",
"7800000.000000","17.215360","27.594382","42.873429","43.038038","35.570214","42.430954","39.359588",
"7900000.000000","17.204076","27.334735","43.211944","43.027297","35.404333","41.001805","39.800282",
"8000000.000000","17.274218","27.455948","42.831927","42.792886","35.111558","40.788058","39.110487",
"8100000.000000","17.231082","27.236602","42.974229","42.926635","34.576963","41.322041","39.089084",
"8200000.000000","17.004454","27.240386","42.698402","42.698238","34.565011","40.510924","38.658384",
"8300000.000000","16.883832","26.750800","42.663609","42.503471","33.882857","41.141479","38.575752",
"8400000.000000","16.765021","30.366837","37.974660","42.621404","42.268625","44.614197","39.038574",
"8500000.000000","16.491285","30.160936","37.993560","42.190693","42.661788","45.406332","39.768942",
"8600000.000000","16.581449","29.923366","37.803667","41.887764","42.283477","45.050179","39.253292",
"8700000.000000","16.279229","29.771997","37.870683","41.865125","42.349733","44.419984","38.791114",
"8800000.000000","16.210138","29.351198","37.933317","42.000007","42.207432","44.444840","39.545449",
"8900000.000000","20.397290","29.306468","37.701605","42.018201","41.901806","44.319935","38.522997",
"9000000.000000","20.249699","29.582534","37.664556","41.886712","41.670591","45.020568","39.398200",
"9100000.000000","20.544178","29.158013","37.537848","41.724159","41.492158","44.270687","38.627473",
"9200000.000000","20.410367","28.719020","37.520101","41.057544","41.528688","44.058667","39.396027",
"9300000.000000","20.306119","28.876180","37.730211","40.956129","41.160783","44.878912","38.617911",
"9400000.000000","19.933693","28.561106","37.660301","40.801705","41.259130","44.212555","38.482230",
"9500000.000000","20.023708","28.499642","37.611844","40.988361","41.028553","43.962769","38.683208",
"9600000.000000","19.835937","28.544556","37.516582","41.048595","41.202860","44.658428","38.748411",
"9700000.000000","19.911779","28.159503","36.894488","40.857718","40.961984","44.156914","39.022441",
"9800000.000000","19.947132","28.185536","37.427699","40.609813","40.542310","43.665968","38.031128",
"9900000.000000","19.962861","28.063558","37.501106","40.591351","40.638347","43.851706","38.383399",
"10000000.000000","19.934205","27.877494","37.328894","40.416778","40.348124","43.247638","38.792167",
"11000000.000000","20.408447","30.175877","44.311651","43.417887","43.752632","50.266677","44.618218",
"12000000.000000","19.751331","28.936018","43.683177","41.775811","41.891937","48.768924","43.084109",
"13000000.000000","19.144722","27.442778","42.883254","40.482914","40.325312","47.577682","41.688332",
"14000000.000000","18.538776","26.218424","42.135111","42.126252","38.558952","45.562622","40.127810",
"15000000.000000","17.974642","25.026543","41.375220","41.567704","36.854230","43.621326","38.644307",
"16000000.000000","17.382581","23.975176","40.686191","40.767186","35.138689","41.953364","37.061230",
"17000000.000000","16.926864","30.995400","31.039182","39.828299","40.066470","47.346738","34.506709",
"18000000.000000","20.937920","30.020618","30.884340","39.392005","39.550275","46.759425","34.330242",
"19000000.000000","20.482837","28.885671","30.774581","38.823846","38.752295","46.056561","33.739917",
"20000000.000000","20.049024","27.895656","30.531597","38.000766","38.063501","45.507483","33.612424",
"21000000.000000","19.618432","27.198495","30.363858","37.351229","37.335146","44.735317","32.953381",
"22000000.000000","19.216671","26.422934","30.351333","36.732333","36.720067","43.985204","32.801595",
"23000000.000000","18.768432","25.817050","30.109157","36.116097","36.047048","43.374993","32.280736",
"24000000.000000","18.370523","25.127799","29.968858","35.512385","35.445348","42.483838","31.903236",
"25000000.000000","17.959010","24.609679","29.830652","29.836756","34.817906","41.583048","31.489516",
"26000000.000000","17.557926","23.877875","29.655275","29.752416","34.147703","40.754038","31.008554",
"27000000.000000","17.178482","23.231393","29.429095","29.665848","33.636920","39.928793","30.761422",
"28000000.000000","16.746411","22.732878","29.285944","29.398065","32.896739","39.037664","30.193038",
"29000000.000000","16.411016","22.469735","29.214317","29.326027","32.235813","38.107149","29.678257",
"30000000.000000","16.060149","21.928348","29.095256","29.239945","31.612432","36.894888","29.291100",
"31000000.000000","15.708189","21.443607","28.994924","29.055272","30.910954","36.289001","28.888143",
"32000000.000000","15.346275","20.788689","28.893245","28.922149","30.139738","35.404580","28.415467",
"33000000.000000","15.070141","20.620836","28.601862","28.854471","29.353040","34.521744","28.010421",
"34000000.000000","14.739851","18.292129","22.879194","28.593165","28.724199","34.560548","24.814538",
"35000000.000000","14.465659","18.078671","22.850866","28.520253","28.515184","34.520291","24.755603",
"36000000.000000","14.162217","17.931130","22.840682","28.427647","28.499376","34.385944","24.608577",
"37000000.000000","15.696190","17.747099","22.817811","28.259842","28.280365","34.189091","24.565561",
"38000000.000000","15.468431","17.533853","22.798800","28.124920","28.190556","33.911572","24.592555",
"39000000.000000","15.166844","17.409729","22.797183","28.008834","28.022954","33.844081","24.396818",
"40000000.000000","14.823227","17.174532","22.744157","27.909384","28.022505","33.642836","24.315852",
"41000000.000000","14.652453","17.047592","22.693462","27.759271","27.882633","33.412589","24.301634",
"42000000.000000","14.354167","16.802221","22.752220","27.629127","27.641010","33.135621","24.233978",
"43000000.000000","14.183428","16.656945","22.676812","27.513797","27.494685","33.024159","24.222771",
"44000000.000000","13.890493","16.488450","22.645365","27.334479","27.415057","32.731481","24.101584",
"45000000.000000","13.718434","16.346495","22.629734","27.246335","27.284904","32.474059","24.104501",
"46000000.000000","13.484516","16.190874","22.615905","27.110696","27.129936","32.294051","24.013575",
"47000000.000000","13.249934","16.049595","22.614273","26.878895","27.002572","32.059033","23.910226",
"48000000.000000","13.116065","15.952420","22.571260","26.819625","26.870355","31.901436","23.805184",
"49000000.000000","12.928803","15.764212","22.544131","26.639067","26.614113","31.592343","23.823050",
"50000000.000000","12.728452","15.644010","22.501668","26.537274","26.645774","31.338116","23.707630",
"51000000.000000","12.550301","15.470451","22.509286","22.445291","26.427807","30.998346","23.602290",
"52000000.000000","12.369815","15.290525","22.439480","22.479508","26.275647","30.910321","23.467847",
"53000000.000000","12.232117","15.172231","22.429765","22.435219","26.105117","30.591540","23.362608",
"54000000.000000","12.073837","15.013119","22.304478","22.429129","25.971324","30.324402","23.306481",
"55000000.000000","11.914234","14.893235","22.315961","22.414388","25.728318","30.050053","23.136783",
"56000000.000000","11.730375","14.762901","22.304955","22.502010","25.653444","29.735493","23.159800",
"57000000.000000","11.665951","14.636491","22.296699","22.326409","25.462471","29.761674","23.096882",
"58000000.000000","11.492238","14.523067","22.277067","22.319596","25.023722","29.357906","22.958295",
"59000000.000000","11.360528","14.382556","22.379779","22.252426","25.199794","29.013198","22.947663",
"60000000.000000","11.250595","14.233206","22.273063","22.276311","25.084188","28.818624","22.770939",
"61000000.000000","11.119532","14.111847","22.213433","22.272267","24.689662","28.551456","22.750076",
"62000000.000000","10.976511","13.993336","22.234841","22.215114","24.626374","28.225750","22.642801",
"63000000.000000","10.876528","13.867754","22.177999","22.194295","24.342897","28.001057","22.532846",
"64000000.000000","10.737470","13.802033","22.086391","22.186259","24.106549","27.749328","22.390542",
"65000000.000000","10.661624","13.668220","22.130533","22.156771","23.781945","27.436817","22.337596",
"66000000.000000","10.519544","13.588159","22.133962","22.105848","23.460708","27.100228","22.243125",
"67000000.000000","10.432801","13.497012","22.096661","22.168271","22.094543","26.960139","22.205845",
"68000000.000000","10.336918","15.550930","19.529739","22.105925","22.007453","24.829876","20.476482",
"69000000.000000","10.215133","15.597274","19.509213","22.050814","22.049923","24.805084","20.415668",
"70000000.000000","10.105379","15.530228","19.562921","22.084790","22.015744","24.687698","20.355036",
"71000000.000000","10.024875","15.459336","19.510891","21.968744","22.093107","24.750163","20.340088",
"72000000.000000","9.935903","15.373046","19.569977","22.072670","21.956176","24.741484","20.343370",
"73000000.000000","9.812508","15.306511","19.542771","21.963648","21.986930","24.709257","20.338488",
"74000000.000000","9.730459","15.224108","19.529640","21.947947","21.872970","24.643123","20.400294",
"75000000.000000","9.717918","15.144517","19.537211","21.895604","21.932198","24.621969","20.321197",
"76000000.000000","9.645972","15.077606","19.489849","21.878922","21.915325","24.588487","20.260036",
"77000000.000000","9.588240","14.996873","19.513309","21.780090","21.899769","24.545173","20.046732",
"78000000.000000","9.504756","14.920501","19.476820","21.805501","21.856132","24.582768","20.314641",
"79000000.000000","9.480617","14.877050","19.494026","21.818424","21.812848","24.518096","20.291057",
"80000000.000000","9.437526","14.790317","19.493166","21.838347","21.773302","24.554992","20.268369",
"81000000.000000","9.380548","14.755343","19.491799","21.805087","21.799505","24.453847","20.247421",
"82000000.000000","9.332081","14.680308","19.460293","21.738790","21.800023","24.528687","20.236480",
"83000000.000000","9.303121","14.599956","19.439980","21.693301","21.697960","24.346783","20.262188",
"84000000.000000","9.224932","14.558422","19.418758","21.679916","21.695860","24.270030","20.247126",
"85000000.000000","9.116306","14.476594","19.512689","21.713718","21.694326","24.252547","20.199320",
"86000000.000000","9.154432","14.380758","19.425044","21.636990","21.677432","24.175802","20.151013",
"87000000.000000","9.026615","14.334311","19.387072","21.580103","21.622128","24.191425","20.134530",
"88000000.000000","9.039460","14.289808","19.432050","21.563131","21.522443","24.126259","20.146343",
"89000000.000000","8.992723","14.169645","19.422753","21.552473","21.610585","24.151556","20.156334",
"90000000.000000","8.980002","14.182896","19.406808","21.620891","21.598798","24.211493","20.076389",
"91000000.000000","8.904828","14.023444","19.410993","21.534988","21.529945","23.921976","20.109537",
"92000000.000000","8.893964","14.028471","19.380823","21.493622","21.506611","24.069896","20.062194",
"93000000.000000","8.834939","13.966076","19.356013","21.454325","21.474532","24.045805","20.086164",
"94000000.000000","8.801491","13.883942","19.389410","21.446981","21.502361","24.054928","20.036979",
"95000000.000000","8.768745","13.816346","19.381709","21.457111","21.430547","23.966821","20.041734",
"96000000.000000","8.724124","13.759296","19.377739","21.381652","21.388592","23.753779","20.012151",
"97000000.000000","8.684702","13.737002","19.356458","21.345218","21.372889","23.822256","19.975929",
"98000000.000000","8.634217","13.681614","19.342739","21.274173","21.346694","23.821876","20.006970",
"99000000.000000","8.605480","13.645606","19.374202","21.334584","21.222916","23.764060","20.012348",
"100000000.000000","8.587011","13.511242","19.396049","21.287896","21.342306","23.681987","19.956828",
"110000000.000000","8.262375","13.014336","19.346218","19.342253","21.072278","23.410765","19.842964",
"120000000.000000","7.968041","12.473316","19.269655","19.278482","20.624938","22.869914","19.639487",
"130000000.000000","7.694843","11.989071","19.203437","19.208911","19.882165","22.286225","19.401146",
"140000000.000000","7.455565","14.316747","18.006535","19.135070","19.173853","20.640949","18.556129",
"150000000.000000","7.227735","13.953102","17.975883","19.091178","19.121670","20.577985","18.529626",
"160000000.000000","7.228168","13.631760","17.979902","19.016963","19.009651","20.496849","18.472939",
"170000000.000000","7.147989","13.348907","17.953515","18.998489","18.968414","20.445240","18.424547",
"180000000.000000","7.074465","13.055835","17.922206","18.933705","18.924068","20.370277","18.420285",
"190000000.000000","7.000333","12.797126","17.935888","18.880114","18.876708","20.304200","18.394409",
"200000000.000000","6.913786","12.558993","17.887027","18.777796","18.786347","20.205591","18.310088",
