"[count]","uHashT [query/μs]","cHashT [query/μs]","iHashT_u8h [query/μs]","iHashT_u8f [query/μs]","iHashT_u16 [query/μs]","dHashT [query/μs]","fHashT [query/μs]",
"1.000000","2.500000","2.380952","1.562500","3.571429","2.325581","2.380952","1.818182",
"2.000000","1.282051","5.882353","6.666667","20.000000","20.000000","25.000000","20.000000",
"3.000000","12.500000","1.176471","20.000000","5.882353","16.666667","50.000000","1.470588",
"4.000000","16.666667","5.882353","25.000000","20.000000","16.666667","33.333333","33.333333",
"5.000000","4.545455","1.175088","20.000000","20.000000","20.000000","33.333333","1.408451",
"6.000000","12.500000","25.000000","20.000000","20.000000","16.666667","33.333333","20.000000",
"7.000000","11.111111","25.000000","16.666667","16.666667","20.000000","33.333333","10.000000",
"8.000000","12.500000","25.000000","16.666667","25.000000","14.285714","33.333333","25.000000",
"9.000000","11.111111","1.369863","14.285714","20.000000","14.285714","33.333333","2.127660",
"10.000000","12.500000","25.000000","16.666667","14.285714","16.666667","50.000000","20.000000",
"15.000000","5.747126","31.250000","12.195122","18.518519","19.230769","35.714286","33.333333",
"20.000000","20.000000","0.000000","3.105590","14.705882","17.857143","3.267974","5.208333",
"25.000000","5.434783","10.204082","0.000001","17.857143","17.241379","41.666667","35.714286",
"30.000000","11.904762","38.461538","2.392344","13.157895","16.077170","50.000000","50.000000",
"35.000000","19.230769","2.840909","9.433962","13.513514","13.157895","4.166667","3.571429",
"40.000000","21.739130","23.809524","2.717391","1.079914","1.077586","55.555556","71.428571",
"45.000000","20.833333","31.250000","20.000000","2.335357","2.631579","41.666667","50.000000",
"50.000000","3.731343","29.411765","22.727273","17.241379","20.833333","35.714286","55.555556",
"55.000000","15.625000","14.285714","2.976190","2.403846","2.538071","38.461538","62.500000",
"60.000000","19.230769","25.000000","29.411765","22.727273","22.727273","45.454545","45.454545",
"65.000000","16.129032","1.872659","33.333333","16.129032","19.230769","2.873563","2.923977",
"70.000000","14.705882","31.250000","22.727273","2.325581","2.747253","45.454545","62.500000",
"75.000000","22.727273","31.250000","26.315789","20.000000","21.739130","55.555556","62.500000",
"80.000000","18.518519","33.333333","33.333333","23.809524","18.518519","71.428571","55.555556",
"85.000000","20.833333","31.250000","29.411765","18.518519","23.809524","45.454545","83.333333",
"90.000000","20.000000","27.777778","2.099958","12.820513","20.833333","71.428571","55.555556",
"95.000000","19.157088","33.333333","41.666667","13.888889","21.739130","71.428571","33.333333",
"100.000000","2.325581","35.714286","38.461538","14.662757","17.857143","71.428571","50.000000",
"125.000000","18.939394","42.372881","48.076923","7.861635","8.038585","65.789474","60.975610",
"150.000000","18.796992","5.936832","47.169811","15.337423","21.008403","8.928571","7.785737",
"175.000000","20.661157","42.372881","5.530973","5.009016","5.542008","83.333333","83.333333",
"200.000000","5.936832","40.322581","56.818182","35.211268","35.714286","108.695652","80.645161",
"225.000000","19.685039","36.231884","43.103448","25.773196","35.714286","71.428571","67.567568",
"250.000000","20.161290","32.894737","13.812155","25.510204","31.645570","71.428571","60.975610",
"275.000000","17.985612","3.525596","21.739130","11.013216","13.736264","5.165289","3.999360",
"300.000000","22.522523","49.019608","3.067485","3.346272","13.958682","113.636364","96.153846",
"325.000000","24.038462","38.461538","75.757576","36.231884","4.401408","89.285714","54.347826",
"350.000000","22.321429","39.062500","65.789474","40.322581","41.666667","73.529412","83.333333",
"375.000000","20.145044","44.642857","59.382423","35.714286","37.878788","83.333333","60.975610",
"400.000000","20.325203","43.859649","67.567568","27.777778","34.246575","71.428571","75.757576",
"425.000000","3.315650","47.169811","43.859649","30.864198","32.010243","78.125000","58.139535",
"450.000000","23.342670","30.120482","65.789474","22.935780","31.645570","56.818182","71.428571",
"475.000000","21.186441","32.051282","55.555556","20.644096","29.411765","53.191489","62.500000",
"500.000000","21.008403","31.250000","59.523810","16.447368","28.735632","58.139535","71.428571",
"525.000000","18.656716","1.875188","46.296296","2.438786","15.243902","2.656748","2.181311",
"550.000000","22.123894","36.231884","39.062500","40.983607","7.739938","77.881620","119.047619",
"575.000000","22.123894","41.666667","1.896669","41.666667","1.971298","92.592593","73.529412",
"600.000000","20.491803","55.555556","62.500000","39.062500","40.322581","108.695652","119.047619",
"625.000000","21.008403","48.076923","64.102564","39.682540","43.859649","69.444444","73.529412",
"650.000000","20.491803","40.322581","58.139535","40.983607","47.169811","86.206897","83.056478",
"675.000000","19.685039","48.076923","69.444444","32.051282","35.714286","89.285714","78.125000",
"700.000000","20.661157","37.313433","53.191489","34.722222","42.372881","75.757576","73.529412",
"725.000000","21.367521","42.372881","58.139535","36.764706","36.231884","83.333333","78.125000",
"750.000000","21.008403","39.062500","58.139535","30.450670","33.783784","89.285714","100.000000",
"775.000000","20.491803","39.062500","67.567568","36.764706","40.983607","78.125000","60.975610",
"800.000000","18.115942","42.372881","44.642857","33.333333","34.722222","73.529412","71.428571",
"825.000000","1.937684","39.682540","45.454545","30.487805","31.250000","65.789474","59.523810",
"850.000000","23.584906","40.322581","53.191489","29.761905","37.313433","58.139535","51.020408",
"875.000000","21.367521","39.062500","55.555556","26.595745","36.179450","56.818182","65.789474",
"900.000000","22.727273","33.333333","50.000000","24.752475","27.173913","69.444444","71.428571",
"925.000000","20.661157","32.467532","53.191489","23.364486","28.735632","55.555556","60.975610",
"950.000000","22.522523","34.246575","37.878788","20.661157","21.551724","52.083333","43.103448",
"975.000000","20.325203","32.051282","48.076923","17.717931","11.961722","64.102564","67.567568",
"1000.000000","23.786870","34.246575","48.076923","1.450873","9.505703","50.916497","43.859649",
"1100.000000","19.083969","3.560873","3.953819","43.649062","5.301946","5.691196","4.145421",
"1200.000000","20.742585","32.776139","56.497175","42.918455","4.887108","93.457944","98.039216",
"1300.000000","20.703934","34.129693","71.942446","38.167939","40.799674","70.871722","86.206897",
"1400.000000","21.687270","35.087719","55.555556","36.496350","45.045045","90.909091","87.719298",
"1500.000000","19.493177","38.595137","70.422535","35.198874","37.593985","77.519380","76.923077",
"1600.000000","19.603999","33.112583","54.347826","32.467532","34.352456","69.444444","79.302141",
"1700.000000","19.569472","34.246575","52.910053","28.985507","33.333333","57.471264","69.930070",
"1800.000000","3.429003","31.938678","48.995590","25.252525","30.769231","67.980965","64.935065",
"1900.000000","22.172949","35.714286","49.019608","2.412312","20.238818","63.291139","59.171598",
"2000.000000","21.877051","33.222591","48.543689","38.314176","9.929501","56.179775","52.356021",
"2100.000000","21.276596","1.596271","42.918455","43.103448","3.747845","2.810331","2.213124",
"2200.000000","20.238818","43.668122","2.068038","46.707146","1.294884","81.300813","95.238095",
"2300.000000","23.148148","42.016807","76.335878","42.553191","43.649062","92.592593","94.339623",
"2400.000000","20.279862","36.496350","67.114094","37.878788","40.322581","81.967213","84.745763",
"2500.000000","21.551724","41.152263","63.291139","38.153377","40.322581","81.967213","81.967213",
"2600.000000","5.361355","38.446751","66.622252","38.910506","41.823505","72.463768","73.529412",
"2700.000000","19.190175","40.322581","62.500000","34.843206","42.194093","62.893082","75.700227",
"2800.000000","19.267823","35.211268","59.171598","33.444816","41.666667","74.626866","77.519380",
"2900.000000","19.080328","35.448423","52.910053","34.234851","38.314176","64.102564","76.335878",
"3000.000000","18.903592","38.022814","56.179775","34.129693","36.751194","70.921986","65.789474",
"3100.000000","19.681165","36.900369","51.020408","31.152648","35.587189","63.291139","64.935065",
"3200.000000","6.472073","35.587189","53.191489","31.535793","35.460993","70.921986","58.105752",
"3300.000000","17.298045","37.439161","61.728395","31.347962","32.883920","62.500000","75.187970",
"3400.000000","17.985612","34.965035","53.475936","30.674847","31.446541","74.019245","70.422535",
"3500.000000","15.195259","35.842294","44.622936","30.030030","29.411765","61.349693","60.606061",
"3600.000000","15.720799","30.385901","47.619048","22.935780","25.438820","68.493151","57.142857",
"3700.000000","15.082956","32.467532","48.543689","1.567005","23.640662","61.728395","64.516129",
"3800.000000","1.523067","34.482759","44.642857","47.824008","19.080328","60.975610","48.309179",
"3900.000000","21.978022","34.352456","48.520136","44.444444","14.534884","57.110223","50.761421",
"4000.000000","23.041475","29.154519","43.290043","44.247788","9.596008","55.248619","59.171598",
"4100.000000","19.193858","0.815381","44.247788","41.152263","3.942907","1.475013","1.101819",
"4200.000000","20.487605","34.482759","41.666667","43.840421","1.235682","94.339623","58.823529",
"4300.000000","19.762846","37.453184","1.066337","44.642857","0.943485","86.880973","55.555556",
"4400.000000","20.785699","33.112583","61.728395","41.152263","0.911403","75.757576","52.356021",
"4500.000000","20.283976","42.918455","60.204696","42.016807","42.372881","78.740157","42.176297",
"4600.000000","20.828994","40.000000","70.422535","40.799674","41.666667","66.666667","47.846890",
"4700.000000","18.903592","36.363636","62.111801","39.062500","42.918455","75.757576","75.757576",
"4800.000000","19.007793","36.886758","62.111801","40.485830","39.666799","85.470085","83.333333",
"4900.000000","21.505376","40.816327","64.935065","36.616624","39.062500","82.576383","89.285714",
"5000.000000","17.120356","38.610039","62.460962","36.764706","39.840637","76.923077","84.674005",
"5100.000000","16.025641","40.144520","66.666667","40.816327","40.144520","69.444444","71.428571",
"5200.000000","17.208742","40.322581","60.240964","37.453184","37.593985","75.187970","75.757576",
"5300.000000","16.310553","34.965035","56.497175","37.023325","38.910506","70.921986","76.923077",
"5400.000000","19.801980","37.453184","58.445354","35.971223","36.231884","75.187970","74.626866",
"5500.000000","17.388280","38.895371","54.347826","36.496350","38.167939","64.516129","68.965517",
"5600.000000","16.528926","36.630037","58.823529","32.562683","37.313433","72.463768","64.474533",
"5700.000000","15.057973","33.112583","64.935065","33.003300","37.174721","68.027211","74.074074",
"5800.000000","18.518519","36.088055","53.191489","33.333333","36.088055","71.428571","70.422535",
"5900.000000","16.103060","32.573290","52.882073","33.433634","34.246575","62.893082","60.975610",
"6000.000000","15.997440","34.013605","57.471264","33.333333","35.211268","72.939460","57.803468",
"6100.000000","15.455951","35.198874","60.975610","32.573290","35.958288","64.935065","73.475386",
"6200.000000","15.696123","35.087719","48.780488","32.776139","34.482759","62.893082","69.930070",
"6300.000000","17.510068","35.842294","52.056221","32.362460","33.333333","64.102564","68.493151",
"6400.000000","15.923567","36.350418","55.248619","31.055901","30.950170","65.789474","60.240964",
"6500.000000","14.345144","33.670034","50.251256","29.841838","33.557047","63.251107","68.965517",
"6600.000000","14.703720","35.211268","50.251256","31.250000","33.444816","53.475936","71.890726",
"6700.000000","16.666667","33.433634","56.497175","26.102845","30.571691","63.694268","60.975610",
"6800.000000","15.195259","32.467532","57.110223","29.850746","30.211480","62.893082","66.225166",
"6900.000000","15.946420","32.362460","48.076923","24.752475","28.490028","64.102564","63.694268",
"7000.000000","15.649452","35.958288","53.763441","24.685263","27.166531","64.061499","52.631579",
"7100.000000","15.696123","35.211268","45.871560","23.255814","28.089888","55.865922","61.690315",
"7200.000000","17.793594","32.786885","46.274873","0.806764","26.730821","55.865922","61.349693",
"7300.000000","15.012761","31.436655","47.393365","44.052863","25.125628","62.893082","71.428571",
"7400.000000","15.195259","33.222591","43.103448","44.642857","22.573363","55.248619","51.020408",
"7500.000000","15.337423","33.333333","42.735043","40.469446","20.576132","63.694268","58.823529",
"7600.000000","0.791822","28.893383","46.082949","44.642857","15.820282","55.248619","52.083333",
"7700.000000","20.487605","32.258065","43.290043","44.843049","12.178785","57.142857","61.349693",
"7800.000000","20.202020","32.154341","44.052863","46.728972","9.812580","54.644809","52.356021",
"7900.000000","20.529665","34.590107","39.510075","44.424700","9.623713","56.148231","46.948357",
"8000.000000","20.202020","33.112583","45.045045","40.160643","5.127942","57.803468","46.926326",
"8100.000000","20.742585","33.333333","43.103448","41.666667","3.240126","61.728395","45.871560",
"8200.000000","19.569472","0.408375","43.478261","39.666799","0.652337","0.707199","0.571017",
"8300.000000","20.916126","35.087719","45.641260","41.666667","0.591453","79.365079","78.740157",
"8400.000000","19.531250","34.482759","0.560802","40.000000","0.567482","83.963056","72.939460",
"8500.000000","19.116804","35.335689","66.225166","37.878788","0.563647","73.529412","87.719298",
"8600.000000","21.459227","35.087719","58.479532","40.144520","40.469446","71.428571","91.743119",
"8700.000000","19.996001","33.211558","68.965517","40.983607","42.553191","75.757576","72.992701",
"8800.000000","19.011407","38.610039","51.813472","37.453184","41.841004","80.645161","74.626866",
"8900.000000","20.449898","38.461538","51.813472","38.744673","39.984006","74.626866","68.493151",
"9000.000000","19.960080","32.883920","61.312078","34.482759","38.910506","74.571216","86.956522",
"9100.000000","19.342360","33.670034","50.761421","39.215686","37.878788","63.291139","83.333333",
"9200.000000","18.278194","39.525692","57.471264","37.735849","43.290043","65.789474","87.719298",
"9300.000000","19.607843","34.352456","54.347826","37.453184","37.579857","73.529412","68.493151",
"9400.000000","18.618507","30.581040","60.606061","35.211268","44.843049","78.740157","81.967213",
"9500.000000","16.103060","39.525692","55.218112","35.714286","38.610039","81.234768","78.740157",
"9600.000000","18.515090","35.829452","52.631579","34.952814","40.144520","72.463768","73.529412",
"9700.000000","18.450185","34.129693","64.935065","38.461538","40.160643","68.027211","68.027211",
"9800.000000","15.870497","38.461538","58.823529","33.112583","38.167939","66.666667","72.463768",
"9900.000000","15.080682","35.587189","50.505051","34.590107","41.152263","67.567568","75.187970",
"10000.000000","17.035775","32.679739","62.500000","36.630037","39.510075","61.349693","78.740157",
"11000.000000","16.419013","35.133331","57.730054","35.748758","37.156764","71.068154","73.632280",
"12000.000000","15.022684","33.848966","56.811726","33.689317","36.399374","63.087502","67.240452",
"13000.000000","14.912686","33.330000","52.626039","30.081521","33.632664","61.758893","65.265631",
"14000.000000","14.345967","31.693712","47.934043","3.958468","28.716653","59.694365","59.340138",
"15000.000000","13.901246","30.681435","45.741469","42.767941","20.394012","57.332875","54.253472",
"16000.000000","3.178751","30.199619","42.767941","41.334270","5.040119","53.129317","50.859526",
"17000.000000","18.837713","1.909935","2.669842","40.254408","1.181713","3.328031","2.921141",
"18000.000000","17.974297","35.994529","58.682002","39.135880","39.073184","70.916956","81.030711",
"19000.000000","17.444396","29.331534","59.591204","31.945820","38.590669","73.040684","80.057642",
"20000.000000","14.571737","34.973595","57.833555","35.711735","36.123253","66.706691","72.611095",
"21000.000000","13.761594","33.837512","54.109626","34.528002","35.684973","69.730144","72.301352",
"22000.000000","14.822281","33.780360","53.214134","32.859067","34.985831","63.363325","66.440768",
"23000.000000","14.573648","32.891491","53.299222","31.854235","33.576201","62.727387","68.813653",
"24000.000000","13.344543","32.935907","50.423558","30.956877","32.203008","60.782884","65.138093",
"25000.000000","13.914592","31.081963","52.626039","28.246194","31.453465","58.889347","61.158339",
"26000.000000","13.620824","31.033734","47.232193","28.070963","30.355462","57.172260","60.346388",
"27000.000000","13.360767","30.747471","46.702783","25.877238","27.621257","57.237708","59.028393",
"28000.000000","12.553825","28.865860","46.142488","2.208812","25.831116","54.312405","51.676916",
"29000.000000","12.742587","29.033476","44.261497","43.023706","23.716915","55.580258","57.501006",
"30000.000000","12.955550","28.222279","40.400776","43.932871","19.166267","54.253472","51.674246",
"31000.000000","1.633808","28.463268","41.820007","42.066296","10.730880","51.969650","51.171835",
"32000.000000","17.610284","27.259841","40.595949","40.417105","4.320737","51.250513","48.257890",
"33000.000000","17.471827","0.932992","1.323452","38.786750","0.583891","1.726507","1.463135",
"34000.000000","16.847496","37.295342","60.128675","38.862117","39.710905","69.103725","82.155767",
"35000.000000","16.609640","36.136306","53.584825","38.457101","38.666770","70.018205","77.694041",
"36000.000000","16.958925","35.864147","55.707203","36.505677","38.004028","70.916956","75.517293",
"37000.000000","16.788382","35.022590","55.956578","35.646811","36.991825","71.017683","74.233539",
"38000.000000","16.264129","35.257201","51.757155","33.975470","35.507581","69.098950","74.677022",
"39000.000000","14.237713","35.444653","54.224054","33.341113","35.145679","69.056004","74.560095",
"40000.000000","13.969212","33.826066","53.584825","33.746161","36.045129","64.930849","76.155662",
"41000.000000","13.554360","32.612595","47.659899","32.496019","34.562610","69.876319","70.911927",
"42000.000000","12.908722","33.508696","49.256231","31.443575","34.172846","62.806180","74.013767",
"43000.000000","13.434179","34.080840","50.448996","31.159443","32.751449","64.221951","69.295267",
"44000.000000","13.319658","31.394217","45.572620","31.493087","32.464370","61.496833","66.002244",
"45000.000000","14.049482","32.633880","48.468399","30.172284","31.642566","64.762645","67.512827",
"46000.000000","12.362773","32.007170","43.380184","29.776970","31.753088","58.102376","65.741897",
"47000.000000","13.243805","31.256837","39.305086","28.840885","31.024106","59.410646","65.184799",
"48000.000000","13.374885","31.295966","40.564660","28.600847","30.503615","57.997912","62.691994",
"49000.000000","13.378463","31.024106","37.874484","28.334231","29.662148","56.618729","62.181321",
"50000.000000","12.758845","30.889939","28.865860","26.872330","28.414742","56.973564","59.304946",
"51000.000000","13.369520","30.263596","37.875918","25.837123","28.213520","56.682916","40.155805",
"52000.000000","13.086093","29.608575","36.547036","25.904051","27.260584","54.549422","60.897631",
"53000.000000","12.860413","30.117760","36.870437","24.573647","26.629031","55.859680","57.600369",
"54000.000000","12.204350","29.573549","36.413954","22.960004","25.508252","53.019458","56.050670",
"55000.000000","12.412030","28.791063","34.999300","1.095632","25.560412","53.415950","55.426228",
"56000.000000","12.636314","28.551850","36.533684","43.118317","23.549359","55.645206","56.110425",
"57000.000000","12.523952","27.821829","36.789052","41.978004","22.787348","52.764880","57.103700",
"58000.000000","12.051387","28.142853","34.551862","41.976241","20.953379","50.833672","50.602166",
"59000.000000","12.060108","27.416790","34.526810","42.859592","17.218817","51.329432","49.475559",
"60000.000000","12.065928","27.431832","35.344431","39.366979","15.998464","50.963205","49.970018",
"61000.000000","11.995154","27.644929","33.987017","42.841230","13.734943","50.937245","49.210177",
"62000.000000","11.466838","26.836272","33.098335","38.771712","10.127608","50.655995","47.456340",
"63000.000000","0.859802","27.576317","33.554795","40.763085","7.658023","47.682624","48.871078",
"64000.000000","16.596133","26.543505","31.335193","39.088457","4.544009","48.234613","46.078702",
"65000.000000","16.973606","27.097334","32.140906","37.875918","1.747659","48.680752","47.276853",
"66000.000000","16.582098","0.438123","0.582843","39.397999","0.166552","0.880952","0.671800",
"67000.000000","16.242731","20.456591","34.828643","37.591159","38.680231","69.778801","42.859592",
"68000.000000","16.373043","20.574015","36.762003","37.477045","38.577270","69.290466","42.603954",
"69000.000000","16.399895","21.324235","34.115721","35.570732","38.801800","68.208171","42.495326",
"70000.000000","16.645859","20.098483","35.994529","23.532734","38.208773","64.973036","41.064389",
"71000.000000","15.808777","21.261215","35.521455","34.999300","37.575621","65.397947","42.876131",
"72000.000000","15.947437","21.099717","33.999728","34.232507","36.937170","67.421791","39.916973",
"73000.000000","16.327597","21.870353","35.445910","34.162339","36.162442","62.806180","45.326806",
"74000.000000","15.821283","21.581957","35.852574","34.033285","36.465740","63.771443","40.351868",
"75000.000000","16.754348","21.756157","36.085450","33.757553","36.479043","62.770699","43.607186",
"76000.000000","15.352493","22.653135","34.516084","34.742730","34.467308","61.233237","35.774335",
"77000.000000","15.891682","22.112153","33.770093","33.043651","34.949149","61.610498","40.043247",
"78000.000000","15.115787","21.379399","35.445910","33.208249","35.697712","59.730020","39.647926",
"79000.000000","13.932040","21.456925","33.723401","32.454888","34.550669","61.267002","39.522567",
"80000.000000","13.901052","22.269731","35.047138","32.453834","33.341113","58.370301","40.285219",
"81000.000000","14.221312","21.803593","33.153201","32.676535","32.891491","61.042608","40.466170",
"82000.000000","12.407256","23.516132","37.365019","27.477057","34.162339","62.027044","39.600824",
"83000.000000","14.209188","23.756355","36.828343","26.494277","32.815935","61.762708","40.794680",
"84000.000000","13.639402","23.411528","35.282080","26.271543","33.120260","39.227993","39.475762",
"85000.000000","13.598597","23.280719","37.170576","26.621233","32.570107","60.749651","41.421589",
"86000.000000","12.814270","22.787348","35.583390","25.964584","32.130579","56.973564","40.878061",
"87000.000000","12.729610","23.264471","34.718606","25.971328","32.110976","54.878718","41.267745",
"88000.000000","13.385627","24.099870","37.520636","25.599017","30.804300","56.208195","39.305086",
"89000.000000","13.198358","22.986392","35.762821","25.546699","30.747471","55.583347","40.678518",
"90000.000000","12.716498","23.773298","36.321371","25.256352","30.842303","55.215063","42.101718",
"91000.000000","13.222791","24.701116","36.360992","24.731661","31.572633","52.325886","41.855014",
"92000.000000","13.323208","25.161031","33.231424","24.501997","30.457162","54.641823","44.440494",
"93000.000000","13.148034","24.065651","35.865433","24.381918","30.429358","53.384583","41.387302",
"94000.000000","12.312542","23.226646","35.622685","24.088259","29.679755","53.902544","40.794680",
"95000.000000","12.286824","24.725546","34.962590","23.632840","29.662148","52.681488","40.647102",
"96000.000000","13.405365","23.178194","37.006883","23.340491","28.650011","54.609000","41.353073",
"97000.000000","13.314338","24.082458","35.171638","23.616097","28.724902","52.213868","41.300128",
"98000.000000","12.387429","24.658480","36.762003","23.237440","28.691935","54.165313","43.512314",
"99000.000000","12.585265","24.477407","34.877232","22.860278","27.922821","52.435635","43.700564",
"100000.000000","12.503438","24.585730","34.816517","22.166068","28.166634","51.623561","42.841230",
"110000.000000","12.277998","24.898724","35.642237","4.135265","25.562634","51.430276","41.330512",
"120000.000000","10.300995","23.937876","34.531937","28.562207","18.846269","49.915643","41.160394",
"130000.000000","2.141367","22.696787","28.709810","30.824240","2.502195","47.895244","39.778355",
"140000.000000","14.016655","1.507608","2.331835","31.006790","0.962258","3.554177","2.506517",
"150000.000000","13.083679","12.583476","20.923785","30.324165","25.338523","28.790069","24.948419",
"160000.000000","11.820904","13.354344","21.302294","29.240450","25.703901","29.452392","26.830152",
"170000.000000","9.937355","13.811640","21.610267","28.121248","24.183855","30.311297","26.703339",
"180000.000000","9.359361","13.006574","22.968389","26.783442","24.824552","30.330604","27.060304",
"190000.000000","8.737700","13.309199","23.505077","25.726318","25.614360","29.956174","26.925511",
"200000.000000","8.042555","12.680169","23.429080","24.056446","24.849227","31.474254","26.927686",
"210000.000000","7.509289","13.823477","22.431533","22.493544","22.770174","31.585597","25.713816",
"220000.000000","7.183340","13.021325","21.872170","2.328100","21.009948","32.213485","25.628803",
"230000.000000","6.179209","12.777234","21.611669","18.846589","18.177158","30.054308","24.659818",
"240000.000000","5.382589","12.300032","21.224933","19.551565","14.250597","26.911091","24.472735",
"250000.000000","5.697022","11.749376","20.762180","19.637183","8.072361","25.696570","22.981585",
"260000.000000","0.726983","11.645646","20.312570","19.722038","1.291416","23.827167","22.740659",
"270000.000000","6.160708","0.668886","1.247459","19.547743","0.943791","1.753626","1.391462",
"280000.000000","6.174250","11.140410","19.920041","19.093115","18.666119","22.753594","21.675377",
"290000.000000","6.169146","11.215138","19.800922","18.151390","19.058546","22.763954","20.628126",
"300000.000000","6.141107","11.189400","20.280438","18.130328","18.825656","23.063209","20.253329",
"310000.000000","5.973234","11.134940","19.617152","16.216444","17.825884","22.997440","21.020150",
"320000.000000","5.818859","11.465773","18.303922","14.768584","17.749631","22.672087","20.662224",
"330000.000000","5.374891","10.990895","17.437004","14.296232","17.438829","22.569695","20.889256",
"340000.000000","5.195024","9.832600","17.803034","15.192927","16.740744","22.924160","20.569995",
"350000.000000","4.624040","9.957948","17.588819","15.349877","14.550449","21.794422","20.372159",
"360000.000000","4.514497","10.432206","18.710859","15.170547","12.730534","21.810108","21.887442",
"370000.000000","4.636348","10.292725","18.940865","14.585275","13.144214","22.027790","21.683366",
"380000.000000","4.660247","9.474102","18.451546","13.763716","13.940644","21.606532","21.571576",
"390000.000000","4.596661","10.119901","18.436578","13.229963","13.919492","21.347725","21.163394",
"400000.000000","4.490977","10.098134","18.308278","12.995772","13.747443","20.717917","21.035139",
"410000.000000","4.405112","9.837920","18.191708","12.049833","12.893028","20.453871","20.548860",
"420000.000000","4.324523","9.410356","18.122475","11.844861","11.875088","20.425045","20.492433",
"430000.000000","3.918130","9.372168","17.278797","1.217332","11.662093","19.993722","20.168325",
"440000.000000","3.983107","9.392776","17.643779","15.468383","11.050408","19.990524","20.330740",
"450000.000000","4.014644","8.529956","17.118480","15.313232","10.311085","18.661591","19.970962",
"460000.000000","4.018225","8.124176","17.284501","15.386272","9.296877","17.490682","19.590634",
"470000.000000","3.786092","8.579434","17.030118","16.866962","8.585032","16.420173","19.655363",
"480000.000000","3.885911","8.072361","16.883194","16.794980","7.594439","17.392424","18.723822",
"490000.000000","3.668240","7.419086","16.430182","16.663167","6.159452","16.720563","18.653932",
"500000.000000","3.448574","7.867332","16.308505","16.302390","4.379929","18.357045","18.132991",
"510000.000000","3.619835","8.059024","15.989792","16.154619","2.484075","18.382353","18.392158",
"520000.000000","3.602918","7.889808","15.932497","15.835839","0.631881","18.438278","18.416545",
"530000.000000","0.280027","0.278930","0.653195","15.571740","0.424958","0.907876","0.705483",
"540000.000000","4.799932","10.091917","18.105708","15.628199","15.545330","20.161046","20.146424",
"550000.000000","4.587004","10.258830","18.538774","15.249458","15.931964","20.645161","20.425421",
"560000.000000","4.161789","10.662379","18.578382","15.181625","15.523129","20.375895","20.823139",
"570000.000000","4.415109","10.681170","18.569757","14.696956","15.731953","18.804804","21.028946",
"580000.000000","4.423839","10.585618","18.002384","14.501497","15.298941","18.334125","21.650505",
"590000.000000","4.389581","10.646260","18.445386","14.413272","15.172182","18.330092","21.060879",
"600000.000000","4.397013","10.185249","18.286182","14.206442","14.845341","19.465933","20.747534",
"610000.000000","4.351585","10.063582","17.981698","13.852967","14.355338","20.049442","20.510044",
"620000.000000","4.346120","9.217524","18.246510","13.711628","13.747065","20.000520","20.578037",
"630000.000000","3.984758","9.593550","16.959673","13.622345","12.872630","19.705715","20.531562",
"640000.000000","4.139169","9.993774","16.371784","12.824574","12.257080","19.784859","20.529033",
"650000.000000","4.157550","9.741414","16.389789","12.925541","12.908689","19.642584","20.833116",
"660000.000000","3.959588","9.686300","17.709710","12.265634","13.390843","19.149054","18.953430",
"670000.000000","3.888586","9.609129","17.674964","11.185269","13.188436","19.127444","18.151719",
"680000.000000","3.938768","9.662340","17.640355","10.991982","13.006912","18.976808","18.729082",
"690000.000000","3.661712","9.287466","17.535154","11.257053","12.594871","19.323373","17.735779",
"700000.000000","3.721430","9.453869","17.539767","11.641850","12.336313","19.116109","19.863459",
"710000.000000","3.751012","9.091306","17.144601","10.646702","11.941753","19.053462","20.007723",
"720000.000000","3.757919","9.143091","17.371275","10.257031","11.910888","18.928281","20.137093",
"730000.000000","3.704445","8.979619","17.197673","10.363231","11.605102","18.292203","19.993762",
"740000.000000","3.698524","8.900487","17.243074","10.779858","11.431942","18.772997","19.598351",
"750000.000000","3.586583","8.841538","17.074345","10.369679","10.913635","18.233169","19.561165",
"760000.000000","3.429448","8.484931","16.922335","10.089158","10.640709","18.214903","19.111031",
"770000.000000","3.533890","7.745093","16.777229","9.941218","10.457090","18.179141","19.501655",
"780000.000000","3.598523","8.261718","16.047037","9.872896","10.144241","18.093947","19.165606",
"790000.000000","3.563982","8.445447","15.575596","9.484355","10.042147","17.776766","19.302113",
"800000.000000","3.578280","8.418926","15.438531","9.316287","9.380511","17.462247","19.147954",
"810000.000000","3.338633","8.268959","15.073816","9.281259","8.578993","17.726945","19.072722",
"820000.000000","3.448836","8.108038","16.528762","8.730216","8.775887","17.476926","18.973568",
"830000.000000","3.441227","8.273406","16.219600","7.826202","8.991084","17.355296","19.021207",
"840000.000000","3.438092","7.735807","16.563531","0.620942","8.866789","17.151364","18.517833",
"850000.000000","3.421259","7.507654","16.339682","14.205655","8.591966","15.875586","18.655324",
"860000.000000","3.445378","7.677066","16.193860","14.693717","8.357563","15.102501","18.452908",
"870000.000000","3.088937","7.851463","15.906116","15.823561","8.112241","15.430194","18.516804",
"880000.000000","3.298500","7.708793","14.762479","16.047810","7.877253","15.423768","18.401262",
"890000.000000","3.297543","7.710695","14.063986","16.091451","7.616483","16.648492","18.213908",
"900000.000000","3.321808","7.046859","14.619798","15.505559","7.466286","16.645970","17.889344",
"910000.000000","3.242263","6.942887","15.619167","15.862466","7.113079","16.438527","17.863140",
"920000.000000","3.037329","7.384624","15.648007","15.776877","6.872545","16.366692","17.872718",
"930000.000000","3.168275","7.352044","15.361455","15.544146","6.417764","16.172123","17.796064",
"940000.000000","3.206527","7.480025","15.573195","15.419725","5.608663","16.314092","17.588510",
"950000.000000","3.173099","7.164248","14.936475","15.373026","5.886065","16.188381","17.537614",
"960000.000000","3.180094","7.202229","15.289585","15.015872","5.404903","16.001331","16.254163",
"970000.000000","3.054467","7.423602","15.216045","15.081091","4.930701","16.105964","15.357680",
"980000.000000","3.011814","7.079942","15.075203","15.045920","4.350391","16.009273","15.875334",
"990000.000000","3.110364","7.028039","14.866528","15.253878","3.692379","15.587031","16.557772",
"1000000.000000","3.110760","7.084857","14.900643","14.930878","2.889487","15.668603","17.111421",
"1100000.000000","0.918048","0.972559","2.737075","13.917927","0.836401","3.501151","2.997888",
"1200000.000000","3.839423","9.943617","17.120054","13.257674","13.879349","19.217746","20.060812",
"1300000.000000","3.658738","9.271465","17.147976","11.488590","12.328156","18.351294","19.634353",
"1400000.000000","3.415646","8.756322","16.780793","10.860234","11.473916","17.661616","18.429259",
"1500000.000000","3.290085","8.459293","15.849830","9.344175","10.017524","17.317826","18.701981",
"1600000.000000","3.189989","7.899358","15.864968","8.456554","8.814282","16.288555","18.411951",
"1700000.000000","3.093380","7.486823","15.184087","2.347900","7.767034","16.099980","17.294405",
"1800000.000000","3.001502","7.158602","15.120072","14.843565","6.704684","15.662656","17.458274",
"1900000.000000","2.915771","6.966343","14.637894","14.789119","5.505687","14.737088","16.600596",
"2000000.000000","2.828049","6.631001","14.061156","14.134581","3.428184","14.638384","16.164294",
"2100000.000000","2.758770","0.420154","1.424479","13.769621","0.616732","1.876553","1.536059",
"2200000.000000","0.489185","9.576050","17.065618","13.316507","13.948877","18.784479","19.529778",
"2300000.000000","3.618561","9.523043","17.040725","12.635955","13.025696","18.624266","19.236751",
"2400000.000000","3.549530","9.115771","17.231575","12.097636","12.911623","17.926615","19.172349",
"2500000.000000","3.499263","8.928181","16.365415","11.451658","12.068433","18.050460","18.731797",
"2600000.000000","3.432314","8.603683","16.726811","10.927397","11.812587","17.840637","18.585633",
"2700000.000000","3.355611","8.437224","16.447680","10.514237","10.593706","16.844826","18.756813",
"2800000.000000","3.197384","8.187960","15.808582","9.815136","10.307843","17.188244","18.648478",
"2900000.000000","3.172176","7.940945","15.645060","9.348098","9.714032","16.844454","17.889155",
"3000000.000000","3.132913","7.931962","15.156354","8.604867","8.959845","16.051367","18.308154",
"3100000.000000","3.074399","7.573304","15.618570","8.161447","8.400999","16.305580","18.040951",
"3200000.000000","3.035692","7.206762","15.253322","7.668364","7.963098","15.539127","17.234013",
"3300000.000000","2.991322","7.178934","15.102877","1.297708","7.350388","15.767178","17.652229",
"3400000.000000","2.960330","7.080061","15.036470","14.677708","6.886915","15.411332","17.415917",
"3500000.000000","2.889529","6.928490","14.470624","14.859998","6.398451","14.877667","16.495270",
"3600000.000000","2.872424","6.747722","14.636049","14.169293","5.907093","14.942251","16.833481",
"3700000.000000","2.827987","6.562375","13.939427","14.375981","5.279276","14.351901","16.225095",
"3800000.000000","2.798084","6.451430","14.217990","13.872879","4.593686","14.464931","16.507880",
"3900000.000000","2.735436","6.423715","13.674653","13.952107","3.764898","13.803893","16.223963",
"4000000.000000","2.701218","6.176792","13.748227","13.409296","2.629431","14.090780","15.367605",
"4100000.000000","2.669722","6.069969","13.351730","13.157036","1.261997","13.672652","15.370132",
"4200000.000000","2.653569","0.210698","0.762177","12.981153","0.334161","0.908242","0.827105",
"4300000.000000","2.601835","9.499602","16.308611","13.043127","13.072458","17.762264","18.369673",
"4400000.000000","0.247585","9.615739","16.254263","12.603733","13.399286","18.464380","19.086822",
"4500000.000000","3.386919","9.309967","16.224671","12.456409","12.645848","18.275228","18.679868",
"4600000.000000","3.408670","9.164002","16.636754","11.883002","12.818089","17.369298","18.694954",
"4700000.000000","3.392841","9.179827","16.487437","11.969445","12.132322","18.132984","19.267815",
"4800000.000000","3.337775","8.942033","15.905676","11.393019","12.177506","17.931822","18.589365",
"4900000.000000","3.301602","8.786723","16.534714","11.070926","11.615616","17.081917","18.805603",
"5000000.000000","3.284666","8.888071","15.793053","10.739841","11.543085","17.353591","18.710975",
"5100000.000000","3.246839","8.616116","16.175670","10.460297","10.860716","17.438212","17.813906",
"5200000.000000","3.226737","8.492668","15.992142","10.079415","10.652472","17.164400","18.579487",
"5300000.000000","3.231902","8.341074","15.387899","9.782075","10.547332","17.303771","18.292277",
"5400000.000000","3.170545","8.372672","15.833440","9.699492","9.922745","16.528210","17.644193",
"5500000.000000","3.140214","8.097759","15.314039","9.144240","9.764241","16.914180","17.892196",
"5600000.000000","3.124990","8.018296","15.628067","8.905502","9.293058","16.695363","17.792793",
"5700000.000000","3.107507","7.979602","15.444225","8.744292","8.906771","16.041274","17.138072",
"5800000.000000","3.069887","7.944655","15.050771","8.265956","8.644122","16.379780","17.935904",
"5900000.000000","3.045496","7.749950","15.324083","7.918589","8.378017","15.790858","17.160868",
"6000000.000000","3.040488","7.617522","14.667587","7.608520","7.881246","16.084390","17.409944",
"6100000.000000","3.015074","7.535601","15.020340","7.316981","7.667399","16.037569","17.435749",
"6200000.000000","2.989090","7.517810","14.421226","7.222226","7.324179","15.331110","16.750741",
"6300000.000000","2.950127","7.379852","14.791613","6.867098","7.088322","15.766283","17.156040",
"6400000.000000","2.935079","7.372304","14.776204","6.631185","6.935905","15.088612","17.116303",
"6500000.000000","2.919024","7.206797","14.244117","6.468880","6.602387","15.404632","16.501560",
"6600000.000000","2.899504","7.020213","14.510021","0.679214","6.403369","15.299814","16.424067",
"6700000.000000","2.869059","7.006901","13.812435","14.033725","6.193465","14.769240","16.329839",
"6800000.000000","2.865105","6.934029","14.258212","14.220214","5.931217","14.669526","16.512326",
"6900000.000000","2.833223","6.738745","13.729706","14.053824","5.721706","14.483935","16.392618",
"7000000.000000","2.811227","6.758161","13.776108","13.782583","5.494463","14.684195","15.661844",
"7100000.000000","2.802512","6.720394","13.510067","13.910686","5.290956","14.277492","16.224382",
"7200000.000000","2.790888","6.619412","13.482942","13.310888","5.034067","14.489098","15.741460",
"7300000.000000","2.733153","6.540201","13.302864","13.670224","4.751385","14.257909","15.878372",
"7400000.000000","2.734811","6.503956","13.482996","13.202585","4.493756","14.082920","15.773271",
"7500000.000000","2.730299","6.460366","13.088885","13.409854","4.194035","14.089270","15.195139",
"7600000.000000","2.707579","6.366471","13.233146","12.913575","3.879753","13.673905","15.552832",
"7700000.000000","2.667485","6.304330","13.012609","13.218923","3.562039","13.905096","14.583388",
"7800000.000000","2.659479","6.149339","12.472133","12.756911","3.095579","13.379081","15.182935",
"7900000.000000","2.682785","6.100648","12.629745","12.842587","2.634318","13.665645","15.051135",
"8000000.000000","2.652279","6.053384","12.609949","12.367619","2.133894","13.185054","14.207605",
"8100000.000000","2.610040","6.025258","12.471293","12.651542","1.545093","13.481360","14.811354",
"8200000.000000","2.612653","5.875361","12.251255","12.138449","0.923016","12.964457","14.014429",
"8300000.000000","2.619645","5.919535","12.055673","12.394724","0.371711","13.138158","14.402633",
"8400000.000000","2.584419","0.095179","0.384004","11.806465","0.418333","0.555522","0.407386",
"8500000.000000","2.565444","9.035923","14.613269","12.098675","12.159999","17.870258","16.857889",
"8600000.000000","2.540296","8.891035","15.484289","11.395874","12.237342","17.465077","16.969496",
"8700000.000000","2.525181","8.883073","14.737937","11.732405","12.094667","17.494779","17.125628",
"8800000.000000","2.517084","9.018914","15.018558","11.379741","11.866770","18.002559","17.594705",
"8900000.000000","0.124181","8.907588","14.973151","11.366081","11.943852","17.365407","17.284298",
"9000000.000000","3.372065","8.848352","14.769175","11.163614","11.563041","17.963684","17.656783",
"9100000.000000","3.335818","8.809987","15.378691","10.954777","11.663187","17.394045","16.530122",
"9200000.000000","3.308984","8.674501","14.691403","10.955185","11.251269","17.682887","16.826284",
"9300000.000000","3.306418","8.556358","14.806332","10.662820","11.348177","17.694464","17.234488",
"9400000.000000","3.300819","8.465854","15.147744","10.655128","10.973496","17.155566","16.585013",
"9500000.000000","3.276308","8.565506","14.924030","10.265723","11.034261","17.063699","17.259299",
"9600000.000000","3.299469","8.324318","15.067101","10.033376","10.475255","17.610942","16.616626",
"9700000.000000","3.259779","8.297585","14.314327","10.209280","10.475968","16.949532","17.018189",
"9800000.000000","3.241599","8.308202","14.633843","9.811793","10.496478","17.316386","16.857292",
"9900000.000000","3.212169","8.312747","14.558503","9.761858","9.968687","17.118064","15.903854",
"10000000.000000","3.195738","8.149667","14.721944","9.684470","10.195226","16.791218","16.881769",
"11000000.000000","3.137046","7.805606","14.324715","8.713383","9.095972","16.369464","16.292299",
"12000000.000000","3.016064","7.262268","13.712806","7.297940","7.484991","15.611569","15.624061",
"13000000.000000","2.909082","6.801970","13.116106","2.320096","6.182290","14.802002","14.989205",
"14000000.000000","2.808585","6.367240","12.529957","12.597107","5.172029","14.108703","14.478305",
"15000000.000000","2.717255","5.988029","11.969580","11.982248","4.183747","13.259014","13.842744",
"16000000.000000","2.621395","5.655915","11.369882","11.406094","2.713765","12.478852","13.194746",
"17000000.000000","2.536822","0.452089","1.588957","10.726626","0.755574","1.815288","1.715188",
"18000000.000000","0.493543","7.568374","13.322641","10.102690","10.510909","16.017152","15.045527",
"19000000.000000","3.160778","7.281209","13.105922","9.440208","9.861908","15.709815","14.688016",
"20000000.000000","3.073422","7.004477","12.886316","8.713847","9.155644","15.420903","14.510024",
"21000000.000000","3.001609","6.765641","12.712456","8.058396","8.488055","14.883011","14.336027",
"22000000.000000","2.939851","6.547680","12.537898","7.378863","7.724632","14.482638","13.998494",
"23000000.000000","2.877988","6.347319","12.260298","6.743347","7.009716","14.213658","13.708628",
"24000000.000000","2.801057","6.130660","12.004108","6.187055","6.393996","13.678623","13.380382",
"25000000.000000","2.744544","5.918183","11.809985","1.405319","5.785510","13.439333","13.281241",
"26000000.000000","2.681768","5.742481","11.596577","11.578606","5.292441","12.938681","13.034537",
"27000000.000000","2.630193","5.560956","11.372179","11.450024","4.881961","12.561745","12.760637",
"28000000.000000","2.568231","5.446461","11.087520","11.111563","4.498918","12.111488","12.566552",
"29000000.000000","2.514950","5.259067","10.837229","10.916059","4.119539","11.741085","12.354339",
"30000000.000000","2.466006","5.104773","10.647241","10.655834","3.673275","11.361519","12.102400",
"31000000.000000","2.417512","4.952605","10.390745","10.424827","3.110343","11.029338","11.818793",
"32000000.000000","2.371595","4.829133","10.143776","10.212275","2.251747","10.682891","11.549588",
"33000000.000000","2.323536","4.692679","9.906917","9.975965","0.900701","10.385297","11.313118",
"34000000.000000","2.278313","0.213580","0.650615","9.569901","0.717154","0.971368","0.684220",
"35000000.000000","2.236955","6.718878","11.983950","9.344583","9.740704","13.794294","13.297855",
"36000000.000000","2.202126","6.581290","11.993037","9.055204","9.494306","13.657664","13.232836",
"37000000.000000","0.243176","6.470106","11.916634","8.759142","9.213831","13.548827","13.152095",
"38000000.000000","2.786898","6.359331","11.806522","8.422312","8.941348","13.287993","13.022521",
"39000000.000000","2.763491","6.263381","11.690926","8.320766","8.653946","13.203639","13.000578",
"40000000.000000","2.727034","6.137052","11.611636","8.031921","8.346032","13.052881","12.897302",
"41000000.000000","2.682349","6.036927","11.559391","7.693520","8.024528","12.850109","12.794875",
"42000000.000000","2.649719","5.927719","11.488159","7.374096","7.689293","12.763413","12.731246",
"43000000.000000","2.625219","5.818668","11.412171","7.070387","7.351924","12.577725","12.642833",
"44000000.000000","2.564014","5.714359","11.370086","6.749836","7.021742","12.467348","12.563639",
"45000000.000000","2.551381","5.618802","11.287244","6.433053","6.717507","12.270667","12.398082",
"46000000.000000","2.524776","5.519568","11.263031","6.144886","6.393586","12.106859","12.414212",
"47000000.000000","2.487481","5.430635","11.156410","5.868846","6.077234","11.894923","12.323778",
"48000000.000000","2.458155","5.346404","11.050514","5.607413","5.802218","11.803764","12.250488",
"49000000.000000","2.424394","5.238814","10.954238","0.590585","5.560835","11.654363","12.144316",
"50000000.000000","2.405732","5.165225","10.907102","10.940682","5.281462","11.494707","12.041778",
"51000000.000000","2.378066","5.066896","10.814036","10.885750","5.087794","11.368478","11.958437",
"52000000.000000","2.340686","5.003066","10.769425","10.800931","4.883208","11.150537","11.941530",
"53000000.000000","2.323615","4.917887","10.674848","10.729392","4.686373","11.028693","11.816755",
"54000000.000000","2.294048","4.870695","10.611430","10.645603","4.514943","10.886842","11.761902",
"55000000.000000","2.271887","4.780730","10.480479","10.560657","4.348088","10.758615","11.671541",
"56000000.000000","2.245712","4.711961","10.421198","10.498961","4.185700","10.578476","11.588994",
"57000000.000000","2.223135","4.632373","10.276389","10.397276","4.010868","10.437488","11.510645",
"58000000.000000","2.197099","4.570808","10.241566","10.303683","3.841565","10.309078","11.407642",
"59000000.000000","2.182119","4.516246","10.131602","10.230075","3.652193","10.170192","11.338293",
"60000000.000000","2.151396","4.436505","10.006264","10.106959","3.444212","10.071494","11.169618",
"61000000.000000","2.129203","4.394342","9.928538","9.969366","3.181322","9.937925","11.007317",
"62000000.000000","2.106448","4.340595","9.800224","9.852198","2.874006","9.769485","10.943581",
"63000000.000000","2.090446","4.329304","9.721676","9.784932","2.473661","9.657659","10.877417",
"64000000.000000","2.071957","4.250859","9.593120","9.620803","1.980938","9.561478","10.750471",
"65000000.000000","2.048848","4.129466","9.495616","9.543916","1.357782","9.447853","10.615093",
"66000000.000000","2.030943","4.114926","9.409436","9.433056","0.646447","9.336126","10.489919",
"67000000.000000","2.005813","4.047588","9.278729","9.332617","0.367893","9.224118","10.342453",
"68000000.000000","1.991290","0.090500","0.312727","9.224816","9.470466","0.476664","0.321717",
"69000000.000000","1.976462","6.274330","11.462345","9.086138","9.325072","12.261356","12.402904",
"70000000.000000","1.958463","6.210992","11.439837","8.904239","9.235179","12.216469","12.379562",
"71000000.000000","1.933022","6.161621","11.382009","8.806060","9.096022","12.086712","12.409663",
"72000000.000000","1.923441","6.074732","11.365329","8.698611","8.991241","12.065752","12.284336",
"73000000.000000","1.905412","6.027697","11.327897","8.548060","8.846438","11.979153","12.333290",
"74000000.000000","1.884056","5.993830","11.297922","8.422974","8.721188","11.952219","12.364131",
"75000000.000000","0.106459","5.944857","11.271657","8.296386","8.568201","11.957493","12.304751",
"76000000.000000","2.422987","5.889590","11.242965","8.142764","8.417647","11.877733","12.238894",
"77000000.000000","2.410503","5.836056","11.206262","7.985731","8.287712","11.809340","12.178743",
"78000000.000000","2.412103","5.782434","11.150211","7.832773","8.157972","11.730830","12.232185",
"79000000.000000","2.392194","5.737496","11.170691","7.699517","8.001386","11.707732","12.229869",
"80000000.000000","2.386366","5.690331","11.113955","7.551546","7.840812","11.669952","12.162222",
"81000000.000000","2.360826","5.613651","11.099263","7.427686","7.708511","11.593341","12.042204",
"82000000.000000","2.353064","5.566746","11.100631","7.286694","7.541915","11.554066","12.125914",
"83000000.000000","2.341009","5.533535","11.043682","7.108642","7.394343","11.523128","12.073027",
"84000000.000000","2.307344","5.487946","10.976819","6.963811","7.250282","11.381923","12.004084",
"85000000.000000","2.297627","5.429889","10.927414","6.786321","7.072172","11.365091","12.057912",
"86000000.000000","2.283612","5.373464","10.902619","6.628013","6.926204","11.294401","11.993306",
"87000000.000000","2.274863","5.344807","10.886664","6.523652","6.764985","11.263027","11.941627",
"88000000.000000","2.259336","5.295447","10.848526","6.367103","6.615210","11.214614","11.890886",
"89000000.000000","2.249582","5.225933","10.830085","6.234560","6.484222","11.120981","11.867746",
"90000000.000000","2.239322","5.196259","10.782609","6.094486","6.330091","11.089542","11.828223",
"91000000.000000","2.221803","5.153489","10.755884","5.968131","6.193753","10.984826","11.844890",
"92000000.000000","2.214926","5.107624","10.704225","5.819063","6.033588","10.930659","11.723061",
"93000000.000000","2.200044","5.055957","10.694453","5.692112","5.886949","10.919503","11.771886",
"94000000.000000","2.189839","5.022368","10.650634","5.558861","5.773142","10.853597","11.701073",
"95000000.000000","2.173664","4.973944","10.627454","5.421968","5.638617","10.747230","11.883400",
"96000000.000000","2.163567","4.932565","10.630125","5.334555","5.499515","10.680751","12.048101",
"97000000.000000","2.151602","4.872800","10.580080","5.216315","5.367394","10.678239","12.048433",
"98000000.000000","2.144730","4.853957","10.556823","5.113158","5.260578","10.595995","12.041660",
"99000000.000000","2.133687","4.817401","10.493855","5.020704","5.166279","10.561753","12.006454",
"100000000.000000","2.122281","4.776019","10.467267","0.308076","5.033538","10.494004","12.033428",
"110000000.000000","2.066884","4.577754","10.246695","10.344600","4.528944","10.183500","11.754333",
"120000000.000000","1.966986","4.247973","9.906450","9.954729","3.721927","9.615430","10.989532",
"130000000.000000","1.880372","3.968965","9.456652","9.493145","2.148332","9.108972","10.483998",
"140000000.000000","1.799283","0.508275","1.392358","8.935843","1.196724","2.012294","1.441728",
"150000000.000000","1.729616","4.861345","11.091613","8.363381","8.644143","11.373655","11.989078",
"160000000.000000","0.392202","5.374078","10.943495","7.669721","7.973264","11.135193","11.874617",
"170000000.000000","2.141004","5.181455","10.802407","6.938780","7.230115","10.907168","11.776742",
"180000000.000000","2.086102","4.975603","10.621867","6.210116","6.467110","10.664241","11.631133",
"190000000.000000","2.037558","4.780926","10.494687","5.551227","5.751168","10.398411","11.473792",
"200000000.000000","1.990794","4.601180","10.399265","1.328888","5.119821","10.150560","11.330934",
